# Blender 4.4.3
# www.blender.org
mtllib Attorney's Badge.mtl
o Group_0_Sub_1__itm0000_00_material
v -0.019180 0.009489 -0.010376
v -0.023150 0.013642 -0.015176
v -0.023267 0.013793 -0.014406
v -0.018076 0.006528 -0.013654
v -0.022430 0.011771 -0.017655
v -0.021329 0.009277 -0.020306
v -0.016560 0.003524 -0.016698
v -0.020219 0.006994 -0.022236
v -0.019958 0.006258 -0.022395
v -0.031794 0.018708 -0.019579
v -0.023150 0.013642 -0.015176
v -0.031518 0.018456 -0.020721
v -0.039584 0.021551 -0.022988
v -0.022430 0.011771 -0.017655
v -0.039141 0.021400 -0.024330
v -0.030072 0.016824 -0.024365
v -0.021329 0.009277 -0.020306
v -0.037743 0.019214 -0.028982
v -0.028477 0.013213 -0.028203
v -0.020219 0.006994 -0.022236
v -0.027281 0.008429 -0.030476
v -0.027593 0.009558 -0.030173
v -0.035819 0.014857 -0.033613
v -0.034278 0.010374 -0.036040
v -0.034066 0.008984 -0.036311
v -0.039926 0.007772 -0.039448
v -0.034278 0.010374 -0.036040
v -0.040390 0.008822 -0.039126
v -0.044434 0.004427 -0.039127
v -0.035819 0.014857 -0.033613
v -0.042515 0.013789 -0.036589
v -0.045238 0.005063 -0.038587
v -0.047014 0.010665 -0.036268
v -0.037743 0.019214 -0.028982
v -0.044922 0.019241 -0.030795
v -0.049717 0.016792 -0.029760
v -0.039141 0.021400 -0.024330
v -0.046064 0.021678 -0.025465
v -0.051307 0.018823 -0.023970
v -0.046187 0.022025 -0.024340
v -0.051083 0.019558 -0.023090
v -0.051307 0.018823 -0.023970
v -0.056953 0.011682 -0.017677
v -0.056977 0.010850 -0.018405
v -0.062509 0.004049 -0.012421
v -0.057514 0.008135 -0.022571
v -0.049717 0.016792 -0.029760
v -0.060165 -0.003745 -0.021462
v -0.047014 0.010665 -0.036268
v -0.053902 -0.000080 -0.031275
v -0.055508 -0.011851 -0.029261
v -0.045238 0.005063 -0.038587
v -0.050751 -0.003316 -0.033417
v -0.050120 -0.003855 -0.034140
v -0.022282 0.020866 -0.004531
v -0.016910 0.016410 0.000922
v -0.018577 0.014572 -0.002877
v -0.022503 0.020214 -0.004932
v -0.021161 0.022404 -0.001972
v -0.019601 0.023835 0.001186
v -0.014843 0.017997 0.004656
v -0.018123 0.024683 0.003882
v -0.017784 0.024541 0.004584
v -0.030753 0.027465 -0.006657
v -0.022282 0.020866 -0.004531
v -0.030322 0.028417 -0.006047
v -0.038312 0.032259 -0.007189
v -0.021161 0.022404 -0.001972
v -0.028373 0.031065 -0.003362
v -0.037699 0.033421 -0.006619
v -0.019601 0.023835 0.001186
v -0.035647 0.036798 -0.003049
v -0.032921 0.039299 0.002469
v -0.026114 0.033137 0.001211
v -0.018123 0.024683 0.003882
v -0.024756 0.033524 0.005217
v -0.030802 0.039750 0.007335
v -0.024317 0.033368 0.006324
v -0.030444 0.039475 0.008682
v -0.030802 0.039750 0.007335
v -0.036416 0.042467 0.010557
v -0.035827 0.042355 0.011577
v -0.040088 0.041143 0.015039
v -0.039160 0.042142 0.005264
v -0.032921 0.039299 0.002469
v -0.043436 0.041002 0.008500
v -0.041007 0.040921 0.014353
v -0.035647 0.036798 -0.003049
v -0.042570 0.039014 -0.001641
v -0.047269 0.037485 0.000744
v -0.037699 0.033421 -0.006619
v -0.044459 0.035089 -0.005721
v -0.049616 0.033023 -0.003063
v -0.044748 0.034169 -0.006423
v -0.049556 0.032451 -0.004069
v -0.055392 0.024923 0.001852
v -0.049616 0.033023 -0.003063
v -0.055282 0.025288 0.002885
v -0.060922 0.017601 0.007560
v -0.055157 0.028166 0.006971
v -0.047269 0.037485 0.000744
v -0.057042 0.022893 0.017815
v -0.043436 0.041002 0.008500
v -0.050019 0.032886 0.017344
v -0.050988 0.026743 0.027640
v -0.041007 0.040921 0.014353
v -0.046420 0.033426 0.020775
v -0.045676 0.033852 0.021474
v 0.019731 0.014897 0.018502
v 0.027272 0.019233 0.025142
v 0.020039 0.014177 0.018379
v 0.015094 0.009797 0.015578
v 0.019731 0.014897 0.018502
v 0.017362 0.016933 0.019142
v 0.011465 0.012393 0.016483
v 0.014248 0.019035 0.019728
v 0.026746 0.020308 0.025243
v 0.032633 0.022194 0.031691
v 0.024086 0.023615 0.025393
v 0.017362 0.016933 0.019142
v 0.007655 0.014807 0.016987
v 0.011433 0.020494 0.020065
v 0.032091 0.023507 0.031646
v 0.028800 0.027648 0.032277
v 0.023359 0.031320 0.033301
v 0.019577 0.026660 0.026241
v 0.014248 0.019035 0.019728
v 0.010641 0.020507 0.020161
v 0.018328 0.032792 0.034238
v 0.015638 0.027804 0.027334
v 0.011433 0.020494 0.020065
v 0.014454 0.027867 0.027571
v 0.016960 0.032751 0.034661
v 0.019116 0.034615 0.040971
v 0.017931 0.034735 0.041046
v 0.018328 0.032792 0.034238
v 0.023359 0.031320 0.033301
v 0.024848 0.033078 0.040338
v 0.024088 0.031453 0.045524
v 0.017980 0.032584 0.046673
v 0.016980 0.033057 0.046327
v 0.028800 0.027648 0.032277
v 0.031654 0.028482 0.039058
v 0.031736 0.026292 0.044084
v 0.035166 0.023781 0.037952
v 0.032091 0.023507 0.031646
v 0.035156 0.020994 0.043440
v 0.035707 0.022764 0.037681
v 0.035851 0.020349 0.042756
v 0.012914 0.025563 0.053615
v 0.017980 0.032584 0.046673
v 0.013782 0.024914 0.053806
v 0.008954 0.018281 0.060547
v 0.018364 0.023216 0.054863
v 0.024088 0.031453 0.045524
v 0.019413 0.012095 0.059782
v 0.031736 0.026292 0.044084
v 0.028609 0.016319 0.052926
v 0.028789 0.004937 0.056810
v 0.035156 0.020994 0.043440
v 0.031450 0.013019 0.050465
v 0.032293 0.012518 0.049954
v 0.029460 -0.007284 -0.004372
v 0.029525 -0.007403 -0.005157
v 0.022555 -0.007190 -0.002427
v 0.040124 -0.010039 -0.005889
v 0.029525 -0.007403 -0.005157
v 0.028580 -0.008615 -0.007952
v 0.020884 -0.009034 -0.006222
v 0.027015 -0.010055 -0.011104
v 0.018821 -0.010615 -0.009960
v 0.025357 -0.011237 -0.013558
v 0.040135 -0.010168 -0.007092
v 0.048348 -0.013595 -0.006249
v 0.024741 -0.011611 -0.013888
v 0.039231 -0.010870 -0.011180
v 0.028580 -0.008615 -0.007952
v 0.047456 -0.014831 -0.012770
v 0.048376 -0.013561 -0.007681
v 0.044722 -0.017347 -0.018277
v 0.036965 -0.012956 -0.015743
v 0.027015 -0.010055 -0.011104
v 0.041463 -0.019921 -0.021613
v 0.034554 -0.015302 -0.018336
v 0.025357 -0.011237 -0.013558
v 0.033689 -0.015941 -0.018870
v 0.040479 -0.020812 -0.022120
v 0.041463 -0.019921 -0.021613
v 0.044616 -0.026012 -0.023342
v 0.045520 -0.025537 -0.022745
v 0.044722 -0.017347 -0.018277
v 0.046104 -0.031455 -0.021160
v 0.045315 -0.031432 -0.022022
v 0.049463 -0.022980 -0.019061
v 0.050313 -0.028221 -0.017696
v 0.052884 -0.019831 -0.012171
v 0.054156 -0.024687 -0.009954
v 0.047456 -0.014831 -0.012770
v 0.048376 -0.013561 -0.007681
v 0.053586 -0.018116 -0.006498
v 0.054733 -0.023518 -0.003772
v 0.053537 -0.017826 -0.005342
v 0.054784 -0.022741 -0.002914
v 0.046104 -0.031455 -0.021160
v 0.042036 -0.040657 -0.016551
v 0.042589 -0.040586 -0.015596
v 0.050313 -0.028221 -0.017696
v 0.038791 -0.049484 -0.011228
v 0.046189 -0.040046 -0.012165
v 0.054156 -0.024687 -0.009954
v 0.044835 -0.045654 -0.001390
v 0.051327 -0.035326 -0.001792
v 0.054733 -0.023518 -0.003772
v 0.051752 -0.031729 0.003071
v 0.051452 -0.032448 0.002294
v 0.048725 -0.040342 0.008852
v -0.004673 0.018839 0.013405
v -0.004861 0.016936 0.006165
v -0.008547 0.019245 0.011076
v -0.004861 0.016936 0.006165
v -0.011844 0.018773 0.007972
v 0.000960 0.016121 0.009370
v -0.000646 0.018125 0.015406
v 0.003453 0.006418 -0.004618
v -0.009494 0.016005 0.001423
v -0.014843 0.017997 0.004656
v 0.003512 0.016599 0.016394
v 0.000960 0.016121 0.009370
v 0.007083 0.013684 0.010550
v 0.007655 0.014807 0.016987
v 0.011465 0.012393 0.016483
v 0.007083 0.013684 0.010550
v 0.012575 0.009996 0.009525
v 0.015094 0.009797 0.015578
v 0.017975 0.006862 0.013660
v 0.012575 0.009996 0.009525
v 0.016601 0.005618 0.006451
v 0.020538 0.003857 0.011394
v 0.022051 0.000848 0.008353
v 0.016601 0.005618 0.006451
v 0.018548 0.001218 0.001797
v 0.023158 -0.002107 0.005071
v 0.023073 -0.004734 0.001372
v 0.018548 0.001218 0.001797
v 0.018119 -0.002536 -0.003730
v 0.022555 -0.007190 -0.002427
v 0.020884 -0.009034 -0.006222
v 0.018119 -0.002536 -0.003730
v 0.015379 -0.005072 -0.009288
v 0.018821 -0.010615 -0.009960
v 0.015819 -0.011396 -0.013273
v 0.015379 -0.005072 -0.009288
v 0.010746 -0.006003 -0.014030
v 0.012524 -0.011863 -0.016381
v 0.008648 -0.011463 -0.018706
v 0.010746 -0.006003 -0.014030
v 0.004925 -0.005188 -0.017235
v 0.004624 -0.010743 -0.020711
v 0.000463 -0.009223 -0.021695
v 0.004925 -0.005188 -0.017235
v -0.001198 -0.002751 -0.018415
v -0.003678 -0.007425 -0.022292
v -0.007490 -0.005017 -0.021784
v -0.001198 -0.002751 -0.018415
v -0.006691 0.000937 -0.017390
v -0.011116 -0.002415 -0.020883
v -0.014000 0.000514 -0.018961
v -0.006691 0.000937 -0.017390
v -0.010717 0.005315 -0.014316
v -0.016560 0.003524 -0.016698
v -0.018076 0.006528 -0.013654
v -0.010717 0.005315 -0.014316
v -0.012663 0.009716 -0.009662
v -0.019180 0.009489 -0.010376
v -0.019098 0.012110 -0.006672
v -0.012663 0.009716 -0.009662
v -0.012234 0.013470 -0.004135
v -0.018577 0.014572 -0.002877
v -0.012234 0.013470 -0.004135
v -0.009494 0.016005 0.001423
v -0.016910 0.016410 0.000922
v -0.015235 0.025870 0.007249
v -0.011844 0.018773 0.007972
v -0.017321 0.025057 0.004978
v -0.017784 0.024541 0.004584
v -0.012601 0.026389 0.009942
v -0.010302 0.026444 0.012150
v -0.008547 0.019245 0.011076
v -0.009829 0.026116 0.012695
v -0.024317 0.033368 0.006324
v -0.017321 0.025057 0.004978
v -0.013466 0.035517 0.017387
v -0.010302 0.026444 0.012150
v -0.023534 0.034096 0.006887
v -0.029452 0.040382 0.009179
v -0.030444 0.039475 0.008682
v -0.020386 0.035807 0.009165
v -0.025804 0.042615 0.012351
v -0.015235 0.025870 0.007249
v -0.021203 0.043523 0.017056
v -0.016573 0.036558 0.013064
v -0.014138 0.035951 0.016491
v -0.012601 0.026389 0.009942
v -0.017811 0.042680 0.021075
v -0.017176 0.042103 0.022208
v -0.035158 0.043063 0.012267
v -0.035827 0.042355 0.011577
v -0.029452 0.040382 0.009179
v -0.040088 0.041143 0.015039
v -0.031402 0.045762 0.016038
v -0.035509 0.044706 0.019520
v -0.039743 0.041522 0.016079
v -0.025804 0.042615 0.012351
v -0.025645 0.046897 0.021925
v -0.029039 0.045983 0.026133
v -0.021203 0.043523 0.017056
v -0.017811 0.042680 0.021075
v -0.021582 0.045740 0.026145
v -0.025214 0.044389 0.030928
v -0.045676 0.033852 0.021474
v -0.039743 0.041522 0.016079
v -0.024118 0.044310 0.031327
v -0.020782 0.045337 0.026919
v -0.045213 0.033995 0.022463
v -0.050988 0.026743 0.027640
v -0.035509 0.044706 0.019520
v -0.043344 0.036004 0.026641
v -0.043399 0.029268 0.036819
v -0.029039 0.045983 0.026133
v -0.034676 0.037725 0.035484
v -0.034220 0.030082 0.044760
v -0.025214 0.044389 0.030928
v -0.029283 0.037109 0.038201
v -0.030264 0.036962 0.037712
v -0.000646 0.018125 0.015406
v -0.000362 0.025202 0.017832
v 0.000153 0.024699 0.018165
v -0.004673 0.018839 0.013405
v -0.003119 0.025973 0.016428
v -0.006425 0.026446 0.014610
v -0.008547 0.019245 0.011076
v -0.009172 0.026458 0.012991
v -0.009829 0.026116 0.012695
v 0.000149 0.033585 0.024848
v -0.000362 0.025202 0.017832
v -0.000622 0.034291 0.024256
v -0.000530 0.039742 0.031331
v -0.003119 0.025973 0.016428
v -0.001296 0.040622 0.030521
v -0.003682 0.035950 0.021822
v -0.005358 0.042792 0.027843
v -0.006425 0.026446 0.014610
v -0.011134 0.043617 0.024667
v -0.008468 0.036635 0.019189
v -0.009172 0.026458 0.012991
v -0.013466 0.035517 0.017387
v -0.012416 0.035974 0.017773
v -0.015908 0.042707 0.022491
v -0.017176 0.042103 0.022208
v -0.019811 0.045773 0.027457
v -0.020782 0.045337 0.026919
v -0.015908 0.042707 0.022491
v -0.024118 0.044310 0.031327
v -0.014668 0.047004 0.030224
v -0.017818 0.046096 0.034624
v -0.023430 0.044423 0.032253
v -0.011134 0.043617 0.024667
v -0.009697 0.044937 0.039087
v -0.005358 0.042792 0.027843
v -0.007441 0.045970 0.034198
v -0.001296 0.040622 0.030521
v -0.002770 0.043338 0.036825
v -0.005193 0.041820 0.042276
v -0.001905 0.042662 0.037267
v -0.004079 0.041470 0.042314
v -0.005193 0.041820 0.042276
v -0.008709 0.034198 0.049488
v -0.009792 0.034325 0.049301
v -0.009697 0.044937 0.039087
v -0.013171 0.027110 0.056316
v -0.014346 0.036276 0.048616
v -0.017818 0.046096 0.034624
v -0.024079 0.029455 0.051468
v -0.025224 0.037816 0.042650
v -0.023430 0.044423 0.032253
v -0.034220 0.030082 0.044760
v -0.028552 0.036982 0.039014
v -0.029283 0.037109 0.038201
v 0.020751 0.014038 0.018049
v 0.017975 0.006862 0.013660
v 0.015094 0.009797 0.015578
v 0.020039 0.014177 0.018379
v 0.022963 0.012176 0.016704
v 0.025242 0.009684 0.014956
v 0.020538 0.003857 0.011394
v 0.026824 0.007402 0.013388
v 0.026915 0.006672 0.013091
v 0.027272 0.019233 0.025142
v 0.020751 0.014038 0.018049
v 0.028303 0.018999 0.024554
v 0.032633 0.022194 0.031691
v 0.022963 0.012176 0.016704
v 0.031436 0.017375 0.022194
v 0.033809 0.022062 0.030884
v 0.025242 0.009684 0.014956
v 0.037932 0.019893 0.028304
v 0.034735 0.013767 0.019663
v 0.026824 0.007402 0.013388
v 0.036652 0.008997 0.017930
v 0.036432 0.010113 0.018316
v 0.041913 0.015540 0.025249
v 0.043881 0.011055 0.023155
v 0.044101 0.009680 0.022873
v 0.043881 0.011055 0.023155
v 0.048715 0.008572 0.027683
v 0.048513 0.009603 0.028227
v 0.041913 0.015540 0.025249
v 0.049662 0.005283 0.032144
v 0.046594 0.014583 0.030906
v 0.049342 0.005908 0.033079
v 0.047520 0.011531 0.035366
v 0.037932 0.019893 0.028304
v 0.041613 0.020030 0.034727
v 0.041923 0.017649 0.039661
v 0.033809 0.022062 0.030884
v 0.036768 0.022446 0.037239
v 0.036772 0.019647 0.042725
v 0.035707 0.022764 0.037681
v 0.035851 0.020349 0.042756
v 0.032293 0.012518 0.049954
v 0.036772 0.019647 0.042725
v 0.033010 0.011698 0.049795
v 0.028789 0.004937 0.056810
v 0.037195 0.009028 0.049207
v 0.041923 0.017649 0.039661
v 0.036964 -0.002807 0.052182
v 0.047520 0.011531 0.035366
v 0.044694 0.000849 0.043448
v 0.043312 -0.010890 0.045673
v 0.049342 0.005908 0.033079
v 0.045941 -0.002406 0.039861
v 0.046480 -0.002950 0.039063
v 0.024741 -0.011611 -0.013888
v 0.024564 -0.011594 -0.014666
v 0.018821 -0.010615 -0.009960
v 0.033689 -0.015941 -0.018870
v 0.024564 -0.011594 -0.014666
v 0.022653 -0.012080 -0.017173
v 0.015819 -0.011396 -0.013273
v 0.020015 -0.012608 -0.019859
v 0.012524 -0.011863 -0.016381
v 0.017536 -0.012998 -0.021826
v 0.033347 -0.015848 -0.020026
v 0.040479 -0.020812 -0.022120
v 0.022653 -0.012080 -0.017173
v 0.016785 -0.013186 -0.021999
v 0.031243 -0.015612 -0.023706
v 0.040129 -0.020522 -0.023478
v 0.037613 -0.020649 -0.028170
v 0.033003 -0.021571 -0.032864
v 0.027423 -0.016377 -0.027596
v 0.020015 -0.012608 -0.019859
v 0.028472 -0.022851 -0.035353
v 0.023936 -0.017728 -0.029610
v 0.017536 -0.012998 -0.021826
v 0.022837 -0.018090 -0.029933
v 0.027212 -0.023439 -0.035646
v 0.028472 -0.022851 -0.035353
v 0.029572 -0.028994 -0.038684
v 0.030687 -0.028809 -0.038333
v 0.033003 -0.021571 -0.032864
v 0.029346 -0.034600 -0.038310
v 0.035948 -0.027734 -0.035722
v 0.030310 -0.034924 -0.037734
v 0.035916 -0.033203 -0.035329
v 0.037613 -0.020649 -0.028170
v 0.041716 -0.026579 -0.029850
v 0.042395 -0.031908 -0.028730
v 0.044286 -0.026090 -0.024486
v 0.040129 -0.020522 -0.023478
v 0.044861 -0.032016 -0.022914
v 0.044616 -0.026012 -0.023342
v 0.045315 -0.031432 -0.022022
v 0.042036 -0.040657 -0.016551
v 0.044861 -0.032016 -0.022914
v 0.041382 -0.041155 -0.017284
v 0.038791 -0.049484 -0.011228
v 0.039514 -0.043164 -0.021462
v 0.042395 -0.031908 -0.028730
v 0.031192 -0.052029 -0.020393
v 0.030846 -0.044885 -0.030305
v 0.035916 -0.033203 -0.035329
v 0.022024 -0.052823 -0.028348
v 0.026433 -0.044122 -0.032533
v 0.030310 -0.034924 -0.037734
v 0.025643 -0.043914 -0.033278
v 0.016785 -0.013186 -0.021999
v 0.016415 -0.012995 -0.022679
v 0.012524 -0.011863 -0.016381
v 0.022837 -0.018090 -0.029933
v 0.016415 -0.012995 -0.022679
v 0.013843 -0.012657 -0.024534
v 0.008648 -0.011463 -0.018706
v 0.010532 -0.012193 -0.026346
v 0.004624 -0.010743 -0.020711
v 0.007595 -0.011756 -0.027508
v 0.022228 -0.017725 -0.030912
v 0.027212 -0.023439 -0.035646
v 0.013843 -0.012657 -0.024534
v 0.006804 -0.011769 -0.027469
v 0.019326 -0.016440 -0.033731
v 0.026586 -0.022847 -0.036790
v 0.010532 -0.012193 -0.026346
v 0.022943 -0.021650 -0.040486
v 0.014532 -0.015769 -0.036354
v 0.017159 -0.020840 -0.043651
v 0.011958 -0.020793 -0.044799
v 0.010420 -0.016069 -0.037375
v 0.007595 -0.011756 -0.027508
v 0.009223 -0.016158 -0.037394
v 0.010566 -0.021078 -0.044769
v 0.029572 -0.028994 -0.038684
v 0.026586 -0.022847 -0.036790
v 0.028938 -0.028799 -0.039676
v 0.029346 -0.034600 -0.038310
v 0.022943 -0.021650 -0.040486
v 0.024982 -0.027821 -0.044036
v 0.024704 -0.033297 -0.043833
v 0.028548 -0.034917 -0.039088
v 0.017744 -0.026808 -0.047995
v 0.016574 -0.032156 -0.048283
v 0.017159 -0.020840 -0.043651
v 0.011874 -0.026408 -0.049013
v 0.010290 -0.032355 -0.049082
v 0.011958 -0.020793 -0.044799
v 0.009306 -0.031760 -0.049297
v 0.010694 -0.026318 -0.049032
v 0.010290 -0.032355 -0.049082
v 0.005069 -0.041004 -0.044564
v 0.005961 -0.041485 -0.044122
v 0.000975 -0.049852 -0.039904
v 0.010516 -0.043436 -0.043437
v 0.016574 -0.032156 -0.048283
v 0.011872 -0.052215 -0.035042
v 0.021393 -0.044976 -0.037471
v 0.024704 -0.033297 -0.043833
v 0.022024 -0.052823 -0.028348
v 0.024721 -0.044142 -0.033835
v 0.028548 -0.034917 -0.039088
v 0.025643 -0.043914 -0.033278
v 0.010694 -0.026318 -0.049032
v 0.009306 -0.031760 -0.049297
v 0.008278 -0.031779 -0.049831
v 0.005069 -0.041004 -0.044564
v 0.008278 -0.031779 -0.049831
v 0.009880 -0.025833 -0.049755
v 0.010566 -0.021078 -0.044769
v 0.003777 -0.028643 -0.052964
v 0.009808 -0.020182 -0.045590
v 0.005230 -0.023367 -0.052569
v -0.004768 -0.025241 -0.054587
v 0.004005 -0.040953 -0.044842
v 0.000975 -0.049852 -0.039904
v 0.003777 -0.028643 -0.052964
v -0.000276 -0.040485 -0.047381
v 0.005679 -0.017684 -0.047842
v -0.002376 -0.020341 -0.054011
v -0.010185 -0.046185 -0.043105
v -0.004768 -0.025241 -0.054587
v -0.011707 -0.035919 -0.049562
v -0.008053 -0.018697 -0.053159
v -0.010909 -0.024140 -0.053476
v -0.000400 -0.015265 -0.048996
v -0.005565 -0.014061 -0.048511
v -0.021151 -0.041022 -0.044135
v -0.010909 -0.024140 -0.053476
v -0.015709 -0.033077 -0.048601
v -0.016554 -0.032369 -0.048691
v -0.011752 -0.023346 -0.053310
v -0.006925 -0.014087 -0.048098
v -0.009142 -0.018391 -0.052811
v -0.003936 -0.010576 -0.040449
v -0.005083 -0.010440 -0.040117
v -0.005565 -0.014061 -0.048511
v -0.000400 -0.015265 -0.048996
v -0.002951 -0.007702 -0.029738
v 0.000255 -0.011224 -0.040683
v -0.003684 -0.007577 -0.029465
v 0.005679 -0.017684 -0.047842
v 0.000011 -0.008872 -0.029576
v 0.005293 -0.013228 -0.039727
v 0.009808 -0.020182 -0.045590
v 0.003490 -0.010257 -0.028916
v 0.008473 -0.015516 -0.038092
v 0.006317 -0.011393 -0.027977
v 0.009223 -0.016158 -0.037394
v 0.006804 -0.011769 -0.027469
v -0.003678 -0.007425 -0.022292
v -0.002951 -0.007702 -0.029738
v 0.000011 -0.008872 -0.029576
v 0.000463 -0.009223 -0.021695
v 0.003490 -0.010257 -0.028916
v 0.004624 -0.010743 -0.020711
v 0.006317 -0.011393 -0.027977
v -0.051545 0.020220 -0.022259
v -0.046187 0.022025 -0.024340
v -0.051083 0.019558 -0.023090
v -0.056953 0.011682 -0.017677
v -0.051545 0.020220 -0.022259
v -0.046296 0.023065 -0.023768
v -0.051310 0.025531 -0.018846
v -0.039393 0.022884 -0.022498
v -0.039584 0.021551 -0.022988
v -0.039164 0.027050 -0.019190
v -0.046472 0.027787 -0.020121
v -0.045929 0.032431 -0.013249
v -0.050697 0.030752 -0.011127
v -0.057227 0.012187 -0.016737
v -0.062509 0.004049 -0.012421
v -0.058865 0.015495 -0.013367
v -0.051310 0.025531 -0.018846
v -0.038729 0.030763 -0.013697
v -0.045013 0.034018 -0.007566
v -0.050170 0.031943 -0.004924
v -0.062929 0.011301 -0.002650
v -0.050697 0.030752 -0.011127
v -0.058039 0.022495 -0.003042
v -0.038292 0.032277 -0.008610
v -0.038312 0.032259 -0.007189
v -0.044748 0.034169 -0.006423
v -0.049556 0.032451 -0.004069
v -0.060922 0.017601 0.007560
v -0.050170 0.031943 -0.004924
v -0.055800 0.024257 0.001069
v -0.055392 0.024923 0.001852
v -0.030859 0.027381 -0.007850
v -0.030753 0.027465 -0.006657
v -0.038292 0.032277 -0.008610
v -0.022635 0.020187 -0.005714
v -0.030855 0.026207 -0.011932
v -0.022503 0.020214 -0.004932
v -0.038729 0.030763 -0.013697
v -0.023053 0.018702 -0.008504
v -0.031215 0.023131 -0.016484
v -0.039164 0.027050 -0.019190
v -0.023301 0.016578 -0.011648
v -0.031748 0.019800 -0.019061
v -0.039393 0.022884 -0.022498
v -0.023300 0.014523 -0.014087
v -0.031794 0.018708 -0.019579
v -0.023267 0.013793 -0.014406
v -0.018577 0.014572 -0.002877
v -0.022635 0.020187 -0.005714
v -0.023053 0.018702 -0.008504
v -0.019098 0.012110 -0.006672
v -0.023301 0.016578 -0.011648
v -0.019180 0.009489 -0.010376
v -0.023300 0.014523 -0.014087
v 0.027461 0.006468 0.012548
v 0.022051 0.000848 0.008353
v 0.020538 0.003857 0.011394
v 0.026915 0.006672 0.013091
v 0.028747 0.004512 0.010382
v 0.029843 0.002009 0.007738
v 0.023158 -0.002107 0.005071
v 0.030384 -0.000197 0.005500
v 0.030223 -0.000863 0.005102
v 0.036652 0.008997 0.017930
v 0.027461 0.006468 0.012548
v 0.037405 0.008691 0.017035
v 0.044101 0.009680 0.022873
v 0.028747 0.004512 0.010382
v 0.039335 0.006982 0.013661
v 0.044956 0.009485 0.021740
v 0.029843 0.002009 0.007738
v 0.047628 0.007110 0.017794
v 0.049543 0.002737 0.013174
v 0.040922 0.003358 0.009833
v 0.030384 -0.000197 0.005500
v 0.041165 -0.001281 0.007033
v 0.041317 -0.000234 0.007601
v 0.049802 -0.001571 0.010052
v 0.049619 -0.002888 0.009551
v 0.049802 -0.001571 0.010052
v 0.055168 -0.004748 0.013277
v 0.054977 -0.005681 0.012575
v 0.056310 -0.009848 0.016107
v 0.055225 -0.000078 0.016998
v 0.049543 0.002737 0.013174
v 0.056593 -0.004012 0.020563
v 0.056404 -0.009357 0.017164
v 0.047628 0.007110 0.017794
v 0.052829 0.005394 0.022777
v 0.053900 0.002134 0.027059
v 0.044956 0.009485 0.021740
v 0.049518 0.008151 0.026907
v 0.050356 0.004442 0.031751
v 0.048715 0.008572 0.027683
v 0.049662 0.005283 0.032144
v 0.046480 -0.002950 0.039063
v 0.050356 0.004442 0.031751
v 0.046921 -0.003844 0.038596
v 0.043312 -0.010890 0.045673
v 0.050072 -0.007080 0.036454
v 0.053900 0.002134 0.027059
v 0.047958 -0.019015 0.037888
v 0.056593 -0.004012 0.020563
v 0.053683 -0.015295 0.027750
v 0.050312 -0.026790 0.028833
v 0.056404 -0.009357 0.017164
v 0.053147 -0.018010 0.023584
v 0.053313 -0.018488 0.022600
v 0.030543 -0.001061 0.004399
v 0.023073 -0.004734 0.001372
v 0.023158 -0.002107 0.005071
v 0.030223 -0.000863 0.005102
v 0.030719 -0.002788 0.001724
v 0.030466 -0.004922 -0.001413
v 0.022555 -0.007190 -0.002427
v 0.029869 -0.006741 -0.003962
v 0.029460 -0.007284 -0.004372
v 0.041165 -0.001281 0.007033
v 0.030543 -0.001061 0.004399
v 0.041560 -0.001551 0.005923
v 0.049619 -0.002888 0.009551
v 0.030719 -0.002788 0.001724
v 0.042072 -0.002936 0.001942
v 0.050071 -0.003024 0.008198
v 0.050973 -0.005083 0.003371
v 0.050530 -0.008811 -0.002110
v 0.041705 -0.006026 -0.002600
v 0.030466 -0.004922 -0.001413
v 0.048953 -0.012448 -0.005668
v 0.040657 -0.009159 -0.005269
v 0.029869 -0.006741 -0.003962
v 0.048348 -0.013595 -0.006249
v 0.040124 -0.010039 -0.005889
v 0.048953 -0.012448 -0.005668
v 0.054117 -0.017087 -0.004622
v 0.053537 -0.017826 -0.005342
v 0.056232 -0.013268 -0.000548
v 0.050530 -0.008811 -0.002110
v 0.057574 -0.017971 0.001930
v 0.055267 -0.022478 -0.001882
v 0.054784 -0.022741 -0.002914
v 0.050973 -0.005083 0.003371
v 0.056787 -0.008604 0.006309
v 0.058196 -0.012733 0.009637
v 0.050071 -0.003024 0.008198
v 0.055424 -0.006092 0.011549
v 0.056663 -0.010715 0.015424
v 0.054977 -0.005681 0.012575
v 0.056310 -0.009848 0.016107
v 0.055267 -0.022478 -0.001882
v 0.051752 -0.031729 0.003071
v 0.051970 -0.031417 0.004110
v 0.048725 -0.040342 0.008852
v 0.054208 -0.029655 0.008221
v 0.057574 -0.017971 0.001930
v 0.050722 -0.034061 0.019076
v 0.058196 -0.012733 0.009637
v 0.055034 -0.022655 0.018546
v 0.050312 -0.026790 0.028833
v 0.056663 -0.010715 0.015424
v 0.053313 -0.018488 0.022600
v 0.053397 -0.019346 0.021916
v -0.011116 -0.002415 -0.020883
v -0.012497 -0.001451 -0.028178
v -0.013082 -0.001247 -0.027683
v -0.007490 -0.005017 -0.021784
v -0.009948 -0.003152 -0.029059
v -0.006830 -0.005245 -0.029651
v -0.003678 -0.007425 -0.022292
v -0.004190 -0.007032 -0.029753
v -0.003684 -0.007577 -0.029465
v -0.017901 -0.001806 -0.037687
v -0.012497 -0.001451 -0.028178
v -0.016948 -0.002086 -0.038363
v -0.022597 -0.003531 -0.045128
v -0.009948 -0.003152 -0.029059
v -0.021429 -0.003678 -0.045924
v -0.013235 -0.003434 -0.039925
v -0.016999 -0.005696 -0.048085
v -0.011550 -0.009353 -0.049119
v -0.008720 -0.006464 -0.040782
v -0.006830 -0.005245 -0.029651
v -0.005826 -0.009555 -0.040473
v -0.007651 -0.012933 -0.048537
v -0.004190 -0.007032 -0.029753
v -0.005083 -0.010440 -0.040117
v -0.006925 -0.014087 -0.048098
v -0.009988 -0.017641 -0.053191
v -0.009142 -0.018391 -0.052811
v -0.007651 -0.012933 -0.048537
v -0.011752 -0.023346 -0.053310
v -0.014534 -0.013895 -0.054150
v -0.012862 -0.023079 -0.053509
v -0.017202 -0.018654 -0.054733
v -0.011550 -0.009353 -0.049119
v -0.016999 -0.005696 -0.048085
v -0.021351 -0.009319 -0.052855
v -0.024860 -0.013511 -0.053280
v -0.021429 -0.003678 -0.045924
v -0.026061 -0.006850 -0.050140
v -0.030059 -0.011529 -0.050246
v -0.026917 -0.006421 -0.049445
v -0.030623 -0.010639 -0.049739
v -0.030059 -0.011529 -0.050246
v -0.035933 -0.019324 -0.045031
v -0.035280 -0.020179 -0.045286
v -0.024860 -0.013511 -0.053280
v -0.040985 -0.027678 -0.040398
v -0.032439 -0.023479 -0.047747
v -0.017202 -0.018654 -0.054733
v -0.031621 -0.034856 -0.043356
v -0.022194 -0.030376 -0.049684
v -0.012862 -0.023079 -0.053509
v -0.021151 -0.041022 -0.044135
v -0.017613 -0.032074 -0.048627
v -0.016554 -0.032369 -0.048691
v -0.016560 0.003524 -0.016698
v -0.019590 0.006044 -0.023064
v -0.019958 0.006258 -0.022395
v -0.014000 0.000514 -0.018961
v -0.017828 0.004097 -0.024873
v -0.015545 0.001614 -0.026628
v -0.011116 -0.002415 -0.020883
v -0.013508 -0.000575 -0.027737
v -0.013082 -0.001247 -0.027683
v -0.019590 0.006044 -0.023064
v -0.027281 0.008429 -0.030476
v -0.026633 0.008109 -0.031435
v -0.017828 0.004097 -0.024873
v -0.034066 0.008984 -0.036311
v -0.033220 0.008774 -0.037433
v -0.023885 0.006415 -0.034195
v -0.015545 0.001614 -0.026628
v -0.030112 0.006412 -0.041057
v -0.026123 0.002073 -0.044123
v -0.020578 0.002820 -0.036736
v -0.013508 -0.000575 -0.027737
v -0.017901 -0.001806 -0.037687
v -0.018490 -0.000750 -0.037692
v -0.023132 -0.002203 -0.045184
v -0.022597 -0.003531 -0.045128
v -0.027640 -0.005472 -0.049458
v -0.023132 -0.002203 -0.045184
v -0.026917 -0.006421 -0.049445
v -0.026123 0.002073 -0.044123
v -0.030623 -0.010639 -0.049739
v -0.031299 -0.000847 -0.048539
v -0.031654 -0.010142 -0.049560
v -0.035037 -0.004851 -0.048870
v -0.030112 0.006412 -0.041057
v -0.036291 0.004580 -0.044703
v -0.040644 0.001249 -0.044562
v -0.033220 0.008774 -0.037433
v -0.039409 0.007327 -0.040415
v -0.044245 0.003558 -0.039885
v -0.039926 0.007772 -0.039448
v -0.044434 0.004427 -0.039127
v -0.044245 0.003558 -0.039885
v -0.050120 -0.003855 -0.034140
v -0.049772 -0.004754 -0.034682
v -0.040644 0.001249 -0.044562
v -0.055508 -0.011851 -0.029261
v -0.048524 -0.008009 -0.038269
v -0.035037 -0.004851 -0.048870
v -0.049171 -0.019953 -0.035756
v -0.041025 -0.016187 -0.044028
v -0.031654 -0.010142 -0.049560
v -0.040985 -0.027678 -0.040398
v -0.036841 -0.018858 -0.044616
v -0.035933 -0.019324 -0.045031
v 0.000153 0.024699 0.018165
v 0.000925 0.024856 0.018289
v -0.000646 0.018125 0.015406
v 0.000149 0.033585 0.024848
v 0.000925 0.024856 0.018289
v 0.003928 0.024046 0.018992
v 0.003512 0.016599 0.016394
v 0.007403 0.022653 0.019659
v 0.007655 0.014807 0.016987
v 0.010184 0.021148 0.020062
v 0.010641 0.020507 0.020161
v 0.001340 0.033765 0.024953
v 0.000870 0.040042 0.031290
v -0.000530 0.039742 0.031331
v 0.005565 0.033423 0.025186
v 0.003928 0.024046 0.018992
v 0.006129 0.039651 0.032023
v 0.010596 0.031405 0.026151
v 0.007403 0.022653 0.019659
v 0.012200 0.037217 0.033188
v 0.016226 0.033890 0.034233
v 0.013735 0.028798 0.027329
v 0.010184 0.021148 0.020062
v 0.014454 0.027867 0.027571
v 0.016960 0.032751 0.034661
v 0.016226 0.033890 0.034233
v 0.017931 0.034735 0.041046
v 0.017158 0.035627 0.040971
v 0.016980 0.033057 0.046327
v 0.012680 0.039504 0.040214
v 0.012200 0.037217 0.033188
v 0.011644 0.038022 0.045390
v 0.016006 0.033605 0.046669
v 0.005084 0.042550 0.038757
v 0.006129 0.039651 0.032023
v 0.003109 0.041442 0.043755
v 0.000870 0.040042 0.031290
v -0.000752 0.042806 0.037536
v -0.003161 0.041284 0.042996
v -0.001905 0.042662 0.037267
v -0.004079 0.041470 0.042314
v -0.008709 0.034198 0.049488
v -0.003161 0.041284 0.042996
v -0.007835 0.033793 0.050021
v -0.013171 0.027110 0.056316
v -0.003555 0.033325 0.052560
v 0.003109 0.041442 0.043755
v -0.002022 0.023424 0.059531
v 0.007877 0.028759 0.054741
v 0.011644 0.038022 0.045390
v 0.008954 0.018281 0.060547
v 0.011879 0.025917 0.053780
v 0.016006 0.033605 0.046669
v 0.012914 0.025563 0.053615
vn 0.8205 0.5365 -0.1972
vn 0.8157 0.5464 -0.1901
vn 0.7729 0.5363 -0.3391
vn 0.8133 0.5527 -0.1816
vn 0.8183 0.5429 -0.1888
vn 0.8145 0.5535 -0.1740
vn 0.6546 0.7098 -0.2602
vn 0.7267 0.6556 -0.2054
vn 0.4497 0.8915 -0.0552
vn 0.6025 0.7770 -0.1824
vn 0.5125 0.8358 -0.1971
vn 0.2368 0.7579 -0.6079
vn 0.6694 0.6930 -0.2677
vn 0.4179 0.8832 -0.2129
vn 0.5697 0.7517 -0.3323
vn 0.7130 0.5942 -0.3723
vn 0.4819 0.7900 -0.3792
vn 0.6230 0.6230 -0.4731
vn 0.7238 0.4957 -0.4799
vn 0.7267 0.6555 -0.2054
vn 0.6942 0.3313 -0.6390
vn 0.6649 0.4828 -0.5699
vn 0.5441 0.6387 -0.5441
vn 0.6012 0.4667 -0.6487
vn 0.2689 0.7120 -0.6486
vn 0.2689 0.7120 -0.6487
vn 0.0786 0.2987 -0.9511
vn 0.2821 0.4936 -0.8227
vn -0.0000 0.4156 -0.9096
vn -0.4696 0.3600 -0.8062
vn 0.2044 0.6682 -0.7154
vn -0.0784 0.5956 -0.7994
vn -0.3051 0.2894 -0.9073
vn -0.3832 0.4379 -0.8133
vn 0.1335 0.8246 -0.5497
vn -0.1575 0.7795 -0.6063
vn -0.4787 0.6514 -0.5886
vn 0.0941 0.9249 -0.3684
vn -0.2046 0.8892 -0.4092
vn -0.5082 0.7506 -0.4222
vn -0.1891 0.9377 -0.2915
vn -0.5747 0.5826 -0.5747
vn -0.8474 0.4394 -0.2981
vn -0.8589 0.4060 -0.3123
vn -0.8483 0.4477 -0.2828
vn -0.8788 0.3452 -0.3295
vn -0.8453 0.2818 -0.4539
vn -0.8119 0.2889 -0.5074
vn -0.8762 0.1095 -0.4694
vn -0.7685 0.1882 -0.6116
vn -0.7786 0.1246 -0.6151
vn -0.8174 0.0078 -0.5761
vn -0.6546 0.0078 -0.7559
vn -0.6463 -0.0000 -0.7631
vn -0.6792 0.0078 -0.7339
vn 0.7870 0.3069 -0.5352
vn 0.7870 0.3070 -0.5352
vn 0.7034 0.5295 -0.4742
vn 0.7569 0.4336 -0.4889
vn 0.7884 0.3153 -0.5282
vn 0.7825 0.3004 -0.5454
vn 0.7773 0.3062 -0.5496
vn 0.7840 0.3088 -0.5385
vn 0.6764 0.3697 -0.6370
vn 0.3765 0.3373 -0.8628
vn 0.5595 0.4019 -0.7249
vn 0.4644 0.4487 -0.7636
vn 0.2361 0.7950 -0.5588
vn 0.6371 0.4562 -0.6213
vn 0.5441 0.5441 -0.6387
vn 0.3687 0.4863 -0.7922
vn 0.7011 0.5120 -0.4963
vn 0.4583 0.6084 -0.6479
vn 0.5533 0.6955 -0.4584
vn 0.6237 0.6158 -0.4815
vn 0.7343 0.5685 -0.3711
vn 0.6848 0.6533 -0.3227
vn 0.6321 0.7269 -0.2686
vn 0.7319 0.6611 -0.1653
vn 0.2518 0.8264 -0.5037
vn 0.3313 0.9227 -0.1971
vn 0.0633 0.9965 -0.0554
vn 0.2518 0.8263 -0.5037
vn 0.1579 0.9869 0.0316
vn -0.4249 0.9049 -0.0236
vn -0.0314 0.9654 -0.2590
vn 0.2292 0.8930 -0.3872
vn -0.3225 0.9439 -0.0708
vn -0.2286 0.9696 0.0867
vn 0.1337 0.8021 -0.5820
vn -0.1498 0.8594 -0.4888
vn -0.4569 0.8192 -0.3466
vn 0.0630 0.6694 -0.7403
vn -0.2204 0.7242 -0.6534
vn -0.5120 0.7011 -0.4963
vn -0.2283 0.6140 -0.7556
vn -0.5563 0.7758 -0.2978
vn -0.8495 0.4956 -0.1809
vn -0.8388 0.5017 -0.2117
vn -0.8424 0.4881 -0.2283
vn -0.8780 0.4782 0.0235
vn -0.8084 0.5886 -0.0079
vn -0.7740 0.6332 -0.0000
vn -0.8313 0.5333 0.1569
vn -0.7100 0.6942 0.1183
vn -0.7158 0.6765 0.1731
vn -0.6515 0.6907 0.3139
vn -0.5750 0.7483 0.3308
vn -0.5595 0.7564 0.3388
vn -0.6039 0.7293 0.3216
vn -0.4250 0.9049 -0.0236
vn 0.3925 0.4238 -0.8163
vn 0.5745 0.3148 -0.7555
vn 0.0788 0.5438 -0.8355
vn 0.0859 0.4140 -0.9062
vn 0.0940 0.4072 -0.9085
vn 0.0862 0.4075 -0.9091
vn 0.1018 0.4070 -0.9078
vn 0.1102 0.3934 -0.9127
vn 0.4795 0.4480 -0.7546
vn 0.4638 0.7940 -0.3930
vn 0.3621 0.5668 -0.7400
vn 0.2755 0.5038 -0.8187
vn 0.2983 0.4945 -0.8164
vn 0.1020 0.4004 -0.9106
vn 0.5587 0.4564 -0.6925
vn 0.4240 0.6123 -0.6673
vn 0.2362 0.7400 -0.6298
vn 0.1958 0.6736 -0.7127
vn 0.1500 0.5843 -0.7975
vn 0.2271 0.4387 -0.8695
vn 0.0395 0.8050 -0.5919
vn 0.0473 0.7409 -0.6700
vn 0.0394 0.6619 -0.7486
vn -0.1099 0.7769 -0.6200
vn 0.2272 0.4387 -0.8695
vn 0.4082 0.8242 -0.3925
vn 0.2202 0.9753 0.0157
vn 0.0785 0.9969 -0.0000
vn 0.1805 0.9421 -0.2826
vn 0.3854 0.8730 -0.2989
vn 0.4345 0.9007 -0.0000
vn 0.4280 0.8402 0.3329
vn 0.2448 0.9082 0.3396
vn 0.3948 0.8054 0.4421
vn 0.5769 0.7428 -0.3398
vn 0.6658 0.7451 -0.0396
vn 0.6972 0.6576 0.2852
vn 0.8128 0.5761 -0.0868
vn 0.7159 0.5821 -0.3855
vn 0.8237 0.5148 0.2376
vn 0.8690 0.4740 -0.1422
vn 0.6804 0.6170 0.3955
vn 0.4639 0.7940 -0.3928
vn 0.1828 0.6200 0.7630
vn 0.1737 0.6474 0.7421
vn 0.3948 0.8054 0.4422
vn 0.1498 0.6544 0.7411
vn 0.2682 0.4497 0.8520
vn 0.3559 0.5220 0.7751
vn 0.4048 0.5397 0.7381
vn 0.4038 0.3642 0.8392
vn 0.5324 0.4529 0.7151
vn 0.5470 0.3964 0.7373
vn 0.6426 0.2777 0.7141
vn 0.7125 0.2850 0.6412
vn 0.7269 0.2686 0.6321
vn 0.6803 0.6170 0.3956
vn 0.6859 0.2838 0.6701
vn -0.0472 0.8805 -0.4717
vn -0.1262 0.9232 -0.3629
vn 0.0236 0.8495 -0.5270
vn 0.3011 0.9509 -0.0713
vn 0.1651 0.9515 -0.2595
vn -0.1259 0.9205 -0.3698
vn -0.1185 0.9241 -0.3633
vn -0.1179 0.9278 -0.3538
vn -0.1102 0.9287 -0.3542
vn 0.2685 0.9317 -0.2447
vn 0.5419 0.6676 -0.5105
vn 0.0236 0.9460 -0.3233
vn 0.2128 0.8906 -0.4019
vn 0.0864 0.9189 -0.3849
vn 0.3226 0.8497 -0.4170
vn 0.3622 0.9056 -0.2205
vn 0.2205 0.7639 -0.6064
vn 0.1340 0.8122 -0.5678
vn 0.0314 0.8639 -0.5026
vn 0.1104 0.6623 -0.7411
vn 0.0549 0.7292 -0.6821
vn -0.0079 0.7885 -0.6150
vn -0.0312 0.6329 -0.7736
vn 0.0236 0.9460 -0.3232
vn 0.5259 0.6357 -0.5651
vn 0.3934 0.4485 -0.8026
vn 0.4536 0.1642 -0.8759
vn 0.5230 0.6386 -0.5645
vn 0.5663 0.1887 -0.8023
vn 0.5269 0.5348 -0.6606
vn 0.6835 -0.1024 -0.7228
vn 0.8332 -0.1415 -0.5345
vn 0.7013 0.2837 -0.6540
vn 0.8080 -0.0314 -0.5884
vn 0.8188 0.3858 -0.4251
vn 0.9451 0.0866 -0.3150
vn 0.6324 0.6244 -0.4585
vn 0.6627 0.7022 -0.2603
vn 0.8609 0.4655 -0.2052
vn 0.9783 0.1578 -0.1341
vn 0.8484 0.5233 -0.0793
vn 0.9658 -0.0078 -0.2591
vn 0.6845 -0.5272 -0.5035
vn 0.6975 -0.5408 -0.4702
vn 0.8333 -0.1415 -0.5345
vn 0.6748 -0.5335 -0.5100
vn 0.8402 -0.4476 -0.3063
vn 0.7157 -0.5662 -0.4089
vn 0.8066 -0.5012 -0.3133
vn 0.9020 -0.3922 -0.1804
vn 0.8104 -0.5665 -0.1495
vn 0.9010 -0.4153 -0.1253
vn 0.9605 -0.2756 0.0394
vn 0.9658 -0.0079 -0.2591
vn 0.9490 -0.3137 0.0314
vn 0.9618 -0.2681 0.0552
vn 0.8675 -0.4968 -0.0236
vn 0.2606 0.9318 -0.2527
vn 0.3388 0.8431 -0.4176
vn 0.5584 0.4325 -0.7079
vn 0.2909 0.8411 -0.4559
vn 0.1496 0.9290 -0.3385
vn 0.4311 0.4468 -0.7839
vn 0.3941 0.7409 -0.5438
vn 0.6532 0.4643 -0.5981
vn 0.3932 0.8964 -0.2045
vn 0.4016 0.8269 -0.3937
vn 0.4016 0.8268 -0.3937
vn 0.5216 0.8300 -0.1974
vn 0.4576 0.7969 -0.3945
vn 0.2982 0.4945 -0.8164
vn 0.1735 0.5679 -0.8046
vn 0.6238 0.7423 -0.2447
vn 0.5041 0.7561 -0.4174
vn 0.1734 0.5679 -0.8046
vn 0.0786 0.6603 -0.7469
vn 0.6866 0.6471 -0.3314
vn 0.5361 0.7096 -0.4573
vn 0.0786 0.6604 -0.7468
vn 0.0236 0.7635 -0.6454
vn 0.7015 0.5596 -0.4414
vn 0.5441 0.6703 -0.5047
vn 0.0235 0.8495 -0.5270
vn 0.6697 0.4885 -0.5594
vn 0.5282 0.6385 -0.5597
vn 0.3941 0.7409 -0.5439
vn 0.0786 0.9126 -0.4012
vn 0.5911 0.4493 -0.6699
vn 0.4899 0.6243 -0.6085
vn 0.4876 0.6213 -0.6134
vn 0.1734 0.9382 -0.2995
vn 0.4734 0.4497 -0.7574
vn 0.4413 0.6226 -0.6462
vn 0.1734 0.9382 -0.2996
vn 0.4350 0.6247 -0.6485
vn 0.2990 0.9285 -0.2203
vn 0.3459 0.4874 -0.8018
vn 0.3784 0.6386 -0.6701
vn 0.2990 0.9285 -0.2202
vn 0.3784 0.6385 -0.6701
vn 0.4335 0.8827 -0.1812
vn 0.2194 0.5484 -0.8069
vn 0.3228 0.6692 -0.6693
vn 0.3228 0.6692 -0.6692
vn 0.5601 0.8046 -0.1972
vn 0.1101 0.6371 -0.7629
vn 0.2748 0.7068 -0.6518
vn 0.2749 0.7068 -0.6518
vn 0.6560 0.7112 -0.2529
vn 0.0473 0.7334 -0.6782
vn 0.2445 0.7494 -0.6153
vn 0.6559 0.7112 -0.2529
vn 0.2431 0.7528 -0.6117
vn 0.7070 0.6126 -0.3534
vn 0.0314 0.8243 -0.5652
vn 0.2365 0.7885 -0.5677
vn 0.7069 0.6126 -0.3535
vn 0.7074 0.5266 -0.4716
vn 0.2525 0.8205 -0.5128
vn 0.0631 0.8911 -0.4495
vn 0.7074 0.5265 -0.4716
vn 0.6684 0.2516 -0.6999
vn 0.6604 0.2516 -0.7076
vn 0.6764 0.3697 -0.6371
vn 0.6522 0.2515 -0.7151
vn 0.6604 0.2516 -0.7075
vn 0.5492 0.3452 -0.7610
vn 0.2046 0.4092 -0.8892
vn 0.4187 0.4187 -0.8058
vn 0.7889 0.5364 -0.2998
vn 0.5492 0.3452 -0.7611
vn 0.7172 0.4808 -0.5044
vn 0.3298 0.4869 -0.8088
vn 0.2441 0.5434 -0.8032
vn 0.2519 0.8264 -0.5037
vn 0.4661 0.5372 -0.7030
vn 0.3936 0.6219 -0.6770
vn 0.5357 0.4333 -0.7248
vn 0.5532 0.6559 -0.5136
vn 0.5981 0.5667 -0.5667
vn 0.7039 0.5615 -0.4350
vn 0.6370 0.4562 -0.6214
vn 0.6879 0.6326 -0.3558
vn 0.2919 0.8442 -0.4497
vn -0.2204 0.8578 -0.4643
vn -0.2749 0.7776 -0.5655
vn 0.0157 0.7707 -0.6370
vn -0.0712 0.9486 -0.3083
vn -0.3386 0.9370 -0.0866
vn -0.4480 0.8645 -0.2279
vn 0.1492 0.8561 -0.4948
vn 0.1106 0.9877 -0.1106
vn -0.1025 0.9857 0.1341
vn 0.3157 0.8920 -0.3236
vn 0.4749 0.8627 -0.1741
vn 0.2756 0.9605 0.0394
vn 0.2919 0.8441 -0.4497
vn 0.0316 0.9628 0.2683
vn -0.7307 0.6679 0.1415
vn -0.7304 0.6754 0.1021
vn -0.1976 0.9567 0.2135
vn 0.3803 0.9191 0.1030
vn -0.7384 0.6677 0.0943
vn -0.7089 0.6144 0.3465
vn -0.5825 0.7557 0.2992
vn -0.6285 0.7149 0.3064
vn -0.6062 0.6456 0.4645
vn -0.4728 0.7801 0.4098
vn -0.4728 0.7486 0.4649
vn -0.3715 0.7273 0.5771
vn -0.2753 0.7710 0.5743
vn -0.3077 0.7574 0.5759
vn -0.1977 0.9567 0.2135
vn -0.2611 0.7675 0.5855
vn 0.4733 0.2524 -0.8440
vn 0.4854 0.2505 -0.8376
vn 0.3922 0.3765 -0.8393
vn 0.4886 0.2522 -0.8353
vn 0.4794 0.2515 -0.8408
vn 0.4955 0.2438 -0.8337
vn 0.5615 0.4350 -0.7039
vn 0.4885 0.2522 -0.8353
vn 0.7807 0.4258 -0.4574
vn 0.6442 0.4242 -0.6364
vn 0.6701 0.4966 -0.5518
vn 0.3469 0.8436 -0.4099
vn 0.6905 0.5492 -0.4707
vn 0.5381 0.5381 -0.6488
vn 0.5344 0.6208 -0.5736
vn 0.4092 0.4485 -0.7946
vn 0.3298 0.6517 -0.6831
vn 0.3706 0.5598 -0.7412
vn 0.2743 0.4703 -0.8388
vn 0.0470 0.5174 -0.8545
vn 0.2048 0.5592 -0.8033
vn 0.1415 0.6213 -0.7707
vn -0.1341 0.9540 -0.2681
vn -0.2361 0.9049 -0.3541
vn 0.0235 0.8552 -0.5178
vn -0.1977 0.9567 0.2134
vn 0.0631 0.9855 -0.1577
vn -0.1182 0.9850 0.1261
vn -0.2829 0.9588 0.0236
vn 0.2046 0.8892 -0.4092
vn 0.1577 0.9458 0.2838
vn 0.4183 0.8601 -0.2920
vn 0.2995 0.9538 -0.0236
vn 0.5911 0.7802 -0.2049
vn 0.4898 0.8689 0.0711
vn 0.3229 0.8743 0.3623
vn 0.3469 0.8436 -0.4100
vn 0.5986 0.7955 0.0945
vn 0.0867 0.9217 0.3781
vn 0.0713 0.6893 0.7210
vn 0.0315 0.6786 0.7338
vn 0.0870 0.6803 0.7278
vn -0.1503 0.7595 0.6329
vn -0.0158 0.6623 0.7491
vn -0.1415 0.7232 0.6760
vn -0.2846 0.7827 0.5534
vn -0.2996 0.6465 0.7017
vn -0.3393 0.7497 0.5682
vn -0.4984 0.7674 0.4034
vn -0.4262 0.6629 0.6156
vn -0.5117 0.7637 0.3936
vn -0.4901 0.7509 0.4427
vn -0.0473 0.5358 -0.8430
vn -0.0471 0.5414 -0.8395
vn 0.0788 0.5439 -0.8355
vn -0.0471 0.5266 -0.8488
vn -0.0627 0.5409 -0.8388
vn -0.0550 0.5502 -0.8332
vn -0.0549 0.5411 -0.8392
vn -0.0158 0.6623 -0.7491
vn -0.0863 0.8863 -0.4549
vn -0.0000 0.7708 -0.6371
vn 0.0315 0.8280 -0.5599
vn 0.4667 0.7910 -0.3955
vn 0.0627 0.6818 -0.7288
vn 0.1498 0.7412 -0.6544
vn 0.0632 0.8780 -0.4745
vn 0.2206 0.7878 -0.5751
vn 0.2682 0.6152 -0.7414
vn 0.2432 0.4863 -0.8393
vn 0.4083 0.3377 -0.8481
vn -0.0157 0.6623 -0.7491
vn 0.3541 0.4800 -0.8026
vn 0.3627 0.6308 -0.6860
vn 0.4487 0.4644 -0.7636
vn 0.5129 0.7497 -0.4182
vn 0.7039 0.4983 -0.5062
vn 0.8834 0.3234 -0.3391
vn 0.5135 0.7496 -0.4175
vn 0.8685 0.4264 -0.2527
vn 0.6233 0.6706 -0.4024
vn 0.8853 0.3952 0.2450
vn 0.7804 0.6070 -0.1498
vn 0.9533 0.2994 0.0394
vn 0.8832 0.4495 0.1341
vn 0.4805 0.8271 -0.2915
vn 0.6150 0.7884 -0.0158
vn 0.6801 0.6722 0.2926
vn 0.3072 0.9294 -0.2048
vn 0.4334 0.8984 0.0709
vn 0.5294 0.7665 0.3635
vn 0.3005 0.9490 0.0949
vn 0.6803 0.6170 0.3955
vn 0.5218 0.4190 0.7431
vn 0.5072 0.4596 0.7291
vn 0.4965 0.4650 0.7330
vn 0.5865 0.2298 0.7767
vn 0.6642 0.2926 0.6879
vn 0.7035 0.3083 0.6403
vn 0.6901 0.1190 0.7139
vn 0.7969 0.2052 0.5681
vn 0.8021 0.1430 0.5798
vn 0.8588 0.0157 0.5121
vn 0.9079 0.0237 0.4184
vn 0.9111 0.0079 0.4120
vn 0.8894 0.0236 0.4565
vn 0.8853 0.3952 0.2451
vn 0.0237 0.9460 -0.3232
vn -0.0000 0.9806 -0.1961
vn 0.0784 0.9097 -0.4078
vn 0.4811 0.8754 -0.0473
vn 0.2992 0.9369 -0.1811
vn -0.0079 0.9802 -0.1976
vn -0.0000 0.9835 -0.1810
vn 0.0079 0.9835 -0.1809
vn -0.0000 0.9821 -0.1886
vn 0.4033 0.8935 -0.1977
vn 0.5258 0.6357 -0.5651
vn 0.1900 0.9419 -0.2770
vn 0.1496 0.9689 -0.1970
vn 0.2998 0.8916 -0.3393
vn 0.4905 0.8468 -0.2057
vn 0.3869 0.8370 -0.3869
vn 0.2208 0.8042 -0.5519
vn 0.1576 0.8669 -0.4729
vn 0.0864 0.9189 -0.3848
vn 0.0551 0.7553 -0.6530
vn 0.0315 0.8181 -0.5742
vn -0.0000 0.8730 -0.4876
vn -0.0940 0.7603 -0.6427
vn 0.1497 0.9689 -0.1970
vn 0.4876 0.6212 -0.6134
vn 0.2592 0.5027 -0.8247
vn 0.2266 0.2344 -0.9454
vn 0.4854 0.6250 -0.6114
vn 0.3528 0.2195 -0.9096
vn 0.4421 0.5369 -0.7185
vn 0.6030 -0.1879 -0.7753
vn 0.5501 0.2593 -0.7938
vn 0.4232 -0.0940 -0.9012
vn 0.5872 -0.0705 -0.8064
vn 0.6058 0.5743 -0.5507
vn 0.7418 0.2999 -0.5998
vn 0.8181 -0.0315 -0.5742
vn 0.8574 0.3225 -0.4011
vn 0.7117 0.6010 -0.3637
vn 0.9125 -0.0000 -0.4091
vn 0.8922 0.3632 -0.2684
vn 0.8341 -0.1338 -0.5351
vn 0.8271 -0.4805 -0.2915
vn 0.8483 -0.4477 -0.2827
vn 0.8541 -0.4466 -0.2664
vn 0.6905 -0.6356 -0.3453
vn 0.7154 -0.5425 -0.4403
vn 0.7078 -0.5112 -0.4876
vn 0.5890 -0.6675 -0.4555
vn 0.5561 -0.5718 -0.6031
vn 0.5975 -0.5346 -0.5976
vn 0.4237 -0.6042 -0.6748
vn 0.3694 -0.5424 -0.7546
vn 0.3851 -0.5423 -0.7467
vn 0.4001 -0.5648 -0.7217
vn 0.6030 -0.1880 -0.7753
vn 0.1497 0.9689 -0.1969
vn 0.1654 0.9842 -0.0630
vn 0.6390 0.7652 -0.0789
vn 0.4485 0.8812 -0.1495
vn 0.1577 0.9855 -0.0631
vn 0.1653 0.9842 -0.0630
vn 0.1731 0.9834 -0.0551
vn 0.1807 0.9820 -0.0550
vn 0.1730 0.9829 -0.0629
vn 0.5309 0.8240 -0.1981
vn 0.3237 0.9236 -0.2053
vn 0.3069 0.9444 -0.1180
vn 0.3948 0.8684 -0.3000
vn 0.5981 0.7634 -0.2440
vn 0.4484 0.8102 -0.3776
vn 0.2210 0.8919 -0.3946
vn 0.2448 0.8369 -0.4895
vn 0.0470 0.8395 -0.5413
vn 0.0628 0.8879 -0.4557
vn 0.0711 0.9320 -0.3554
vn -0.0868 0.8679 -0.4892
vn 0.4327 0.6215 -0.6530
vn 0.8473 0.2375 -0.4751
vn 0.7105 0.5131 -0.4815
vn 0.7695 0.2277 -0.5967
vn 0.5524 0.5445 -0.6312
vn 0.6044 0.2590 -0.7534
vn 0.6048 -0.0702 -0.7932
vn 0.7463 -0.0864 -0.6599
vn 0.3608 0.2902 -0.8863
vn 0.3207 -0.0313 -0.9466
vn 0.3463 0.5666 -0.7477
vn 0.1409 0.3131 -0.9392
vn 0.1327 -0.0000 -0.9912
vn 0.1339 0.5908 -0.7956
vn 0.3127 -0.1485 -0.9382
vn 0.0157 0.3537 -0.9352
vn 0.0391 -0.4531 -0.8906
vn 0.0550 -0.4869 -0.8717
vn 0.3127 -0.1486 -0.9381
vn 0.0235 -0.4533 -0.8910
vn 0.0783 -0.5403 -0.8378
vn 0.2268 -0.5474 -0.8055
vn 0.2744 -0.5097 -0.8154
vn 0.2750 -0.6679 -0.6915
vn 0.4247 -0.5742 -0.7000
vn 0.4155 -0.5331 -0.7370
vn 0.4088 -0.6760 -0.6131
vn 0.6209 -0.5424 -0.5659
vn 0.6106 -0.5401 -0.5792
vn 0.5825 -0.5668 -0.5826
vn 0.7177 0.1577 -0.6783
vn 0.5003 -0.1016 -0.8599
vn 0.2577 -0.5467 -0.7967
vn 0.2973 -0.5242 -0.7980
vn 0.6116 0.1882 -0.7684
vn 0.3371 -0.0392 -0.9407
vn 0.6548 0.4497 -0.6075
vn 0.4237 0.2746 -0.8631
vn 0.0392 0.0785 -0.9961
vn 0.3050 -0.5319 -0.7900
vn 0.0627 -0.6187 -0.7831
vn 0.0624 -0.4526 -0.8895
vn 0.0780 -0.5072 -0.8583
vn 0.4722 0.5352 -0.7004
vn 0.1650 0.3771 -0.9114
vn -0.0703 -0.5694 -0.8190
vn -0.0704 -0.3986 -0.9144
vn -0.1173 -0.4221 -0.8989
vn -0.0392 0.4469 -0.8937
vn -0.1334 0.1412 -0.9809
vn 0.2522 0.6226 -0.7408
vn 0.0470 0.6905 -0.7218
vn -0.2661 -0.3835 -0.8844
vn -0.2958 -0.2880 -0.9108
vn -0.3128 -0.2815 -0.9071
vn -0.2900 -0.3214 -0.9014
vn 0.0078 -0.0312 -0.9995
vn 0.3696 0.6371 -0.6764
vn -0.1490 0.5099 -0.8472
vn 0.1419 0.9301 -0.3389
vn 0.3697 0.6370 -0.6764
vn -0.0078 0.9438 -0.3303
vn 0.0947 0.8997 -0.4262
vn 0.2920 0.8523 -0.4340
vn 0.1887 0.9513 -0.2437
vn 0.3078 0.8919 -0.3315
vn 0.4734 0.8758 -0.0947
vn 0.5059 0.7667 -0.3952
vn 0.3237 0.9236 -0.2052
vn 0.4886 0.8195 -0.2994
vn 0.6710 0.6709 -0.3157
vn 0.4586 0.8698 -0.1819
vn 0.6310 0.7335 -0.2524
vn 0.4327 0.6216 -0.6530
vn 0.5829 0.7955 -0.1654
vn 0.7521 0.6334 -0.1821
vn 0.3070 0.9444 -0.1180
vn 0.3795 0.9252 -0.0000
vn 0.3700 0.9290 -0.0000
vn 0.3795 0.9251 0.0079
vn 0.3632 0.9317 -0.0000
vn 0.3537 0.9354 -0.0000
vn 0.2918 0.9306 -0.2208
vn -0.4632 0.5024 -0.7301
vn -0.1022 0.4480 -0.8882
vn -0.5747 0.5826 -0.5748
vn -0.8319 0.2669 -0.4866
vn -0.8139 0.2661 -0.5165
vn -0.1409 0.5635 -0.8140
vn -0.4767 0.6408 -0.6018
vn 0.1575 0.5747 -0.8031
vn 0.2443 0.7564 -0.6067
vn 0.1490 0.7373 -0.6589
vn -0.1491 0.7373 -0.6589
vn -0.1341 0.8910 -0.4337
vn -0.4563 0.8262 -0.3305
vn -0.8078 0.2510 -0.5333
vn -0.9186 0.2591 -0.2984
vn -0.8651 0.3775 -0.3303
vn -0.8397 0.4316 -0.3296
vn 0.1648 0.8710 -0.4629
vn -0.1025 0.9699 -0.2208
vn -0.4164 0.8955 -0.1571
vn -0.9205 0.3511 -0.1716
vn -0.8324 0.5183 -0.1963
vn -0.8482 0.5105 -0.1414
vn 0.2045 0.9438 -0.2595
vn 0.2361 0.7950 -0.5589
vn -0.0395 0.9939 -0.1026
vn -0.5597 0.7726 -0.2996
vn -0.8309 0.5565 -0.0000
vn -0.7707 0.6370 0.0157
vn -0.7666 0.6414 0.0313
vn -0.7952 0.6062 0.0078
vn 0.6165 0.7508 -0.2371
vn 0.6078 0.7893 -0.0868
vn 0.5373 0.8139 -0.2212
vn 0.6944 0.6708 -0.2604
vn 0.6170 0.6803 -0.3955
vn 0.7569 0.4337 -0.4888
vn 0.5292 0.7425 -0.4107
vn 0.7109 0.5924 -0.3791
vn 0.6058 0.5665 -0.5586
vn 0.5125 0.6150 -0.5993
vn 0.5828 0.4489 -0.6774
vn 0.4954 0.4561 -0.7393
vn 0.6629 0.4262 -0.6156
vn 0.5496 0.3062 -0.7773
vn 0.2443 0.7565 -0.6067
vn 0.8341 0.4092 -0.3698
vn 0.8389 0.4116 -0.3561
vn 0.7570 0.4337 -0.4888
vn 0.8392 0.4038 -0.3642
vn 0.8389 0.4115 -0.3562
vn 0.8431 0.4176 -0.3388
vn 0.7030 0.6161 -0.3554
vn 0.7729 0.5363 -0.3392
vn 0.8362 0.4181 -0.3550
vn -0.1492 0.6833 -0.7147
vn -0.0158 0.6624 -0.7490
vn -0.1492 0.6753 -0.7223
vn -0.1569 0.6905 -0.7061
vn -0.1493 0.6913 -0.7070
vn -0.0630 0.7801 -0.6225
vn -0.0000 0.9541 -0.2996
vn -0.0000 0.8589 -0.5122
vn 0.0707 0.8953 -0.4398
vn 0.5129 0.7496 -0.4183
vn 0.0236 0.7776 -0.6284
vn 0.1334 0.8086 -0.5731
vn 0.1340 0.9223 -0.3626
vn 0.2292 0.8219 -0.5216
vn 0.2982 0.6671 -0.6827
vn 0.1893 0.6784 -0.7099
vn 0.1174 0.5794 -0.8065
vn 0.2345 0.4064 -0.8831
vn 0.2278 0.5419 -0.8090
vn 0.3152 0.5044 -0.8039
vn 0.6384 0.4414 -0.6306
vn 0.8441 0.2919 -0.4497
vn 0.8083 0.2119 -0.5493
vn 0.9848 0.1733 0.0078
vn 0.8314 0.4672 -0.3009
vn 0.6243 0.6085 -0.4899
vn 0.9672 0.2438 -0.0708
vn 0.9724 0.1107 -0.2055
vn 0.5590 0.7637 -0.3228
vn 0.7523 0.6494 -0.1108
vn 0.8712 0.4673 0.1505
vn 0.4435 0.8792 -0.1742
vn 0.6319 0.7741 0.0395
vn 0.7677 0.5778 0.2770
vn 0.5310 0.8401 0.1110
vn 0.7849 0.1744 0.5946
vn 0.7825 0.2134 0.5849
vn 0.7676 0.2216 0.6014
vn 0.8119 -0.0236 0.5833
vn 0.8759 0.0316 0.4814
vn 0.9027 0.0475 0.4276
vn 0.8667 -0.1339 0.4806
vn 0.9452 -0.0473 0.3229
vn 0.9397 -0.1106 0.3237
vn 0.9463 -0.2287 0.2287
vn 0.9690 -0.2127 0.1261
vn 0.9674 -0.2281 0.1101
vn 0.9612 -0.2206 0.1655
vn 0.9848 0.1733 0.0079
vn -0.1728 0.8171 -0.5499
vn -0.1728 0.8171 -0.5500
vn 0.0235 0.7596 -0.6500
vn -0.1808 0.8098 -0.5582
vn -0.1732 0.8267 -0.5354
vn -0.1736 0.8206 -0.5445
vn 0.1264 0.9793 -0.1580
vn 0.0553 0.9238 -0.3790
vn 0.1581 0.9327 -0.3241
vn 0.5361 0.7095 -0.4573
vn 0.0314 0.8639 -0.5027
vn 0.1575 0.8584 -0.4882
vn 0.2442 0.9297 -0.2758
vn 0.2678 0.8437 -0.4652
vn 0.2515 0.7151 -0.6522
vn 0.1420 0.7493 -0.6468
vn 0.0236 0.7776 -0.6283
vn 0.1967 0.5743 -0.7946
vn 0.1185 0.6318 -0.7660
vn 0.0236 0.6830 -0.7301
vn 0.5442 0.6702 -0.5046
vn 0.0786 0.5106 -0.8562
vn 0.5288 0.4262 -0.7340
vn 0.7329 0.2128 -0.6462
vn 0.6581 0.1567 -0.7364
vn 0.8026 0.3541 -0.4800
vn 0.5930 0.5614 -0.5772
vn 0.9406 0.0711 -0.3320
vn 0.8778 -0.0313 -0.4780
vn 0.9658 -0.0078 -0.2592
vn 0.6092 0.6962 -0.3798
vn 0.8205 0.5128 -0.2525
vn 0.9634 0.2606 -0.0632
vn 0.5690 0.7982 -0.1975
vn 0.7846 0.6182 -0.0475
vn 0.9265 0.3642 0.0950
vn 0.7181 0.6944 0.0473
vn 0.9848 0.1734 0.0079
vn 0.8920 -0.4105 -0.1895
vn 0.8926 -0.4228 -0.1566
vn 0.8846 -0.4186 -0.2053
vn 0.8966 -0.4326 -0.0944
vn 0.9414 -0.3373 0.0078
vn 0.9612 -0.2758 0.0079
vn 0.9088 -0.3793 0.1739
vn 0.9715 -0.1896 0.1422
vn 0.9574 -0.2119 0.1962
vn 0.9115 -0.2828 0.2986
vn 0.9372 -0.0394 0.3465
vn 0.9376 -0.0788 0.3388
vn 0.9312 -0.0316 0.3630
vn 0.5692 0.8222 -0.0000
vn 0.5601 0.8284 -0.0000
vn 0.6226 0.7723 -0.1261
vn 0.5601 0.8284 0.0079
vn 0.5692 0.8222 0.0079
vn 0.5455 0.8381 0.0079
vn 0.5547 0.8320 0.0079
vn 0.4737 0.8764 -0.0869
vn 0.1102 0.9758 -0.1889
vn 0.3303 0.9279 -0.1730
vn 0.2532 0.9337 -0.2532
vn 0.3157 0.6709 -0.6710
vn 0.1811 0.9290 -0.3228
vn 0.4014 0.8657 -0.2990
vn 0.3468 0.8512 -0.3940
vn 0.5444 0.7179 -0.4339
vn 0.5610 0.7584 -0.3318
vn 0.5770 0.7905 -0.2055
vn 0.6924 0.6373 -0.3383
vn 0.6951 0.5845 -0.4186
vn 0.6790 0.6948 -0.2369
vn 0.8039 0.5044 -0.3152
vn 0.3716 0.6405 -0.6721
vn 0.4738 0.8764 -0.0869
vn 0.4086 0.2121 -0.8877
vn 0.5254 0.1412 -0.8391
vn 0.5517 0.4256 -0.7172
vn 0.2276 0.3453 -0.9105
vn 0.2110 -0.0313 -0.9770
vn 0.0549 0.0628 -0.9965
vn 0.3773 0.5582 -0.7390
vn 0.1807 0.6915 -0.6994
vn -0.0000 0.5029 -0.8643
vn -0.2109 0.2499 -0.9450
vn 0.0157 0.7884 -0.6149
vn -0.1728 0.6047 -0.7775
vn -0.3527 0.3448 -0.8699
vn 0.3158 0.6709 -0.6709
vn -0.2517 0.6764 -0.6922
vn -0.2658 0.1408 -0.9537
vn -0.5878 -0.0549 -0.8072
vn -0.5860 -0.0938 -0.8048
vn -0.2658 0.1407 -0.9537
vn -0.6016 -0.0467 -0.7974
vn -0.3998 -0.2038 -0.8937
vn -0.5711 -0.1565 -0.8058
vn -0.4520 -0.2182 -0.8649
vn -0.2743 -0.2900 -0.9169
vn -0.4147 -0.3912 -0.8216
vn -0.2662 -0.3445 -0.9003
vn -0.0548 -0.4150 -0.9082
vn -0.2826 -0.4632 -0.8400
vn -0.0389 -0.4281 -0.9029
vn -0.0860 -0.4299 -0.8988
vn 0.0078 -0.0313 -0.9995
vn 0.7251 0.6857 -0.0631
vn 0.7178 0.6941 -0.0552
vn 0.7255 0.6545 -0.2129
vn 0.7251 0.6857 -0.0630
vn 0.7103 0.7024 -0.0474
vn 0.5547 0.8082 -0.1980
vn 0.7139 0.6980 -0.0555
vn 0.4734 0.8680 -0.1500
vn 0.2766 0.9563 -0.0948
vn 0.3797 0.9019 -0.2057
vn 0.5770 0.7904 -0.2055
vn 0.2676 0.7083 -0.6532
vn 0.2923 0.9244 -0.2449
vn 0.4977 0.8137 -0.3002
vn 0.4172 0.8265 -0.3778
vn 0.5565 0.6740 -0.4859
vn 0.6156 0.6866 -0.3867
vn 0.7339 0.5839 -0.3472
vn 0.7797 0.4017 -0.4804
vn 0.7021 0.5522 -0.4496
vn 0.6705 0.5127 -0.5364
vn 0.3157 0.6709 -0.6709
vn 0.1953 0.2890 -0.9372
vn 0.4236 0.4393 -0.7922
vn 0.3054 0.1958 -0.9319
vn 0.2824 0.6040 -0.7452
vn 0.0470 0.4623 -0.8855
vn -0.0626 0.0939 -0.9936
vn -0.1952 0.2342 -0.9524
vn 0.1410 0.7599 -0.6346
vn -0.1096 0.6417 -0.7591
vn -0.3934 0.4485 -0.8026
vn 0.0236 0.8728 -0.4875
vn -0.2354 0.7612 -0.6042
vn -0.4859 0.5564 -0.6740
vn -0.2675 0.8262 -0.4957
vn -0.4696 0.3600 -0.8061
vn -0.7809 0.1952 -0.5934
vn -0.7826 0.1565 -0.6026
vn -0.7898 0.2033 -0.5787
vn -0.6626 0.0312 -0.7483
vn -0.7880 0.0936 -0.6085
vn -0.7030 0.0234 -0.7108
vn -0.5697 -0.0624 -0.8195
vn -0.6954 -0.1484 -0.7032
vn -0.5705 -0.1173 -0.8129
vn -0.3845 -0.2276 -0.8946
vn -0.5945 -0.2425 -0.7666
vn -0.3738 -0.2414 -0.8955
vn -0.4222 -0.2345 -0.8756
vn 0.2894 0.3051 -0.9073
vn 0.4338 0.4496 -0.7808
vn -0.0629 0.6527 -0.7550
vn 0.1415 0.5581 -0.8176
vn 0.2994 0.2994 -0.9060
vn 0.2894 0.3050 -0.9073
vn 0.2750 0.3064 -0.9113
vn 0.2743 0.3135 -0.9091
vn 0.2287 0.4416 -0.8675
vn 0.1024 0.6461 -0.7564
vn 0.0709 0.7170 -0.6934
vn 0.3469 0.8435 -0.4100
vn 0.2751 0.6054 -0.7469
vn 0.2750 0.6915 -0.6680
vn 0.4573 0.5361 -0.7096
vn 0.4091 0.4485 -0.7947
vn 0.4875 0.6055 -0.6290
vn 0.6474 0.4895 -0.5842
vn 0.5943 0.4516 -0.6655
vn 0.5334 0.4001 -0.7452
vn 0.7089 0.3465 -0.6143
vn 0.2287 0.4416 -0.8676
vn 0.6795 0.6795 -0.2766
vn 0.7676 0.6410 -0.0000
vn 0.4016 0.8272 -0.3930
vn 0.6787 0.7340 0.0237
vn 0.4970 0.8677 -0.0000
vn 0.5068 0.8079 -0.3006
vn 0.4438 0.8320 0.3328
vn 0.6010 0.7196 0.3479
vn 0.2367 0.9704 -0.0473
vn 0.2926 0.8937 -0.3401
vn 0.1425 0.9502 0.2771
vn 0.0789 0.9155 -0.3946
vn 0.0158 0.9954 -0.0948
vn -0.0396 0.9743 0.2218
vn -0.1021 0.9823 -0.1571
vn 0.0866 0.9217 0.3781
vn -0.1661 0.7357 0.6566
vn -0.1819 0.7593 0.6248
vn -0.1971 0.7570 0.6230
vn -0.0794 0.6032 0.7936
vn -0.0000 0.6829 0.7305
vn 0.0552 0.7021 0.7100
vn 0.0551 0.5502 0.8332
vn 0.2127 0.5988 0.7721
vn 0.1977 0.6483 0.7353
vn 0.3314 0.5050 0.7970
vn 0.4354 0.5066 0.7441
vn 0.4207 0.5160 0.7462
vn 0.3869 0.5133 0.7660
vt 0.207642 0.463379
vt 0.202271 0.551758
vt 0.190552 0.551758
vt 0.250732 0.465820
vt 0.231934 0.551758
vt 0.269531 0.551758
vt 0.293701 0.463379
vt 0.299072 0.551758
vt 0.310791 0.551758
vt 0.167969 0.665039
vt 0.181641 0.665039
vt 0.148438 0.761719
vt 0.163330 0.761719
vt 0.223633 0.665039
vt 0.215820 0.771484
vt 0.277832 0.665039
vt 0.333496 0.665039
vt 0.319824 0.665039
vt 0.285645 0.771484
vt 0.338135 0.761719
vt 0.353027 0.761719
vt 0.367188 0.833008
vt 0.354248 0.836914
vt 0.379639 0.895508
vt 0.294922 0.845215
vt 0.373779 0.905762
vt 0.302246 0.899902
vt 0.206421 0.845215
vt 0.199219 0.899902
vt 0.147339 0.836914
vt 0.127686 0.905762
vt 0.134155 0.833008
vt 0.121826 0.895508
vt 0.112671 0.941406
vt 0.119019 0.941406
vt 0.103821 0.985840
vt 0.187256 0.945801
vt 0.250732 0.981934
vt 0.314209 0.945801
vt 0.397705 0.985840
vt 0.382568 0.941895
vt 0.388916 0.941406
vt 0.167114 0.449219
vt 0.219360 0.406738
vt 0.160767 0.382812
vt 0.128174 0.430664
vt 0.250732 0.247559
vt 0.282715 0.406738
vt 0.096313 0.401855
vt 0.115845 0.337891
vt 0.067444 0.369629
vt 0.048981 0.331055
vt 0.091431 0.279297
vt 0.034607 0.290527
vt 0.032379 0.247559
vt 0.091309 0.216309
vt 0.034637 0.204590
vt 0.048981 0.164062
vt 0.115417 0.157227
vt 0.067566 0.125000
vt 0.096313 0.092773
vt 0.160156 0.112305
vt 0.128418 0.063965
vt 0.167114 0.045410
vt 0.218628 0.087891
vt 0.207886 0.031250
vt 0.250732 0.028809
vt 0.281982 0.087891
vt 0.293701 0.031250
vt 0.334229 0.045410
vt 0.340576 0.112305
vt 0.373291 0.064453
vt 0.405029 0.092773
vt 0.385742 0.156738
vt 0.434082 0.125000
vt 0.452393 0.164062
vt 0.409912 0.215332
vt 0.466797 0.204590
vt 0.468994 0.247559
vt 0.410156 0.278809
vt 0.466797 0.290527
vt 0.452393 0.331055
vt 0.385986 0.337402
vt 0.433838 0.370117
vt 0.405029 0.401855
vt 0.341309 0.382324
vt 0.373047 0.430664
vt 0.334229 0.449219
s 1
usemtl itm0000_00_material
f 1/1/1 2/2/2 3/3/3
f 4/4/4 2/2/2 1/1/1
f 2/2/2 4/4/4 5/5/5
f 4/4/4 6/6/6 5/5/5
f 7/7/7 6/6/6 4/4/4
f 7/7/7 8/8/4 6/6/6
f 9/9/8 8/8/4 7/7/7
f 10/10/9 3/3/3 11/2/10
f 10/10/9 11/2/10 12/11/11
f 12/11/11 13/12/12 10/10/9
f 14/5/13 12/11/11 11/2/10
f 13/12/12 12/11/11 15/13/14
f 12/11/11 14/5/13 16/14/15
f 15/13/14 12/11/11 16/14/15
f 17/6/16 16/14/15 14/5/13
f 18/15/17 15/13/14 16/14/15
f 19/16/18 18/15/17 16/14/15
f 16/14/15 17/6/16 19/16/18
f 20/8/19 19/16/18 17/6/16
f 9/9/20 21/17/21 20/8/19
f 20/8/19 22/18/22 19/16/18
f 22/18/22 20/8/19 21/17/21
f 18/15/17 19/16/18 23/19/23
f 24/20/24 19/16/18 22/18/22
f 19/16/18 24/20/24 23/19/23
f 24/20/24 22/18/22 25/21/25
f 21/17/21 25/21/25 22/18/22
f 25/21/26 26/22/27 27/20/28
f 28/23/29 27/20/28 26/22/27
f 29/24/30 28/23/29 26/22/27
f 27/20/28 28/23/29 30/19/31
f 28/23/29 31/25/32 30/19/31
f 28/23/29 29/24/30 32/26/33
f 33/27/34 28/23/29 32/26/33
f 28/23/29 33/27/34 31/25/32
f 31/25/32 34/15/35 30/19/31
f 35/28/36 34/15/35 31/25/32
f 31/25/32 33/27/34 36/29/37
f 35/28/36 31/25/32 36/29/37
f 35/28/36 37/13/38 34/15/35
f 37/13/38 35/28/36 38/30/39
f 36/29/37 38/30/39 35/28/36
f 38/30/39 36/29/37 39/31/40
f 37/13/38 38/30/39 13/12/12
f 40/32/41 13/12/12 38/30/39
f 38/30/39 39/31/40 40/32/41
f 40/32/41 39/31/40 41/33/42
f 42/31/43 43/34/44 41/33/42
f 43/34/44 42/31/43 44/35/45
f 43/34/44 44/35/45 45/36/46
f 45/36/46 44/35/45 46/37/47
f 42/31/43 46/37/47 44/35/45
f 47/29/48 46/37/47 42/31/43
f 45/36/46 46/37/47 48/38/49
f 49/27/50 46/37/47 47/29/48
f 49/27/50 50/39/51 46/37/47
f 46/37/47 50/39/51 48/38/49
f 48/38/49 50/39/51 51/40/52
f 52/26/53 50/39/51 49/27/50
f 51/40/52 50/39/51 53/41/54
f 50/39/51 52/26/53 53/41/54
f 51/40/52 53/41/54 54/42/55
f 53/41/54 29/24/30 54/42/55
f 29/24/30 53/41/54 52/26/53
f 55/8/56 56/4/57 57/7/58
f 58/9/59 55/8/56 57/7/58
f 56/4/57 55/8/56 59/6/60
f 56/4/57 59/6/60 60/5/61
f 60/5/61 61/1/62 56/4/57
f 61/1/62 60/5/61 62/2/63
f 61/1/62 62/2/63 63/3/64
f 64/17/65 65/8/66 58/9/59
f 66/18/67 65/8/66 64/17/65
f 67/21/68 66/18/67 64/17/65
f 66/18/67 68/6/69 65/8/66
f 68/6/69 66/18/67 69/16/70
f 70/20/71 66/18/67 67/21/68
f 70/20/71 69/16/70 66/18/67
f 71/5/72 68/6/69 69/16/70
f 69/16/70 70/20/71 72/19/73
f 73/15/74 69/16/70 72/19/73
f 69/16/70 73/15/74 74/14/75
f 74/14/75 71/5/72 69/16/70
f 74/14/75 75/2/76 71/5/72
f 76/11/77 63/3/64 75/2/76
f 75/2/76 74/14/75 76/11/77
f 74/14/75 77/13/78 76/11/77
f 77/13/78 74/14/75 73/15/74
f 76/11/77 77/13/78 78/10/79
f 63/3/64 76/11/77 78/10/79
f 78/10/79 77/13/78 79/12/80
f 80/13/81 81/30/82 79/12/83
f 79/12/83 81/30/82 82/32/84
f 81/30/82 83/33/85 82/32/84
f 80/13/81 84/28/86 81/30/82
f 80/13/81 85/15/87 84/28/86
f 86/29/88 81/30/82 84/28/86
f 83/33/85 81/30/82 87/31/89
f 81/30/82 86/29/88 87/31/89
f 88/19/90 84/28/86 85/15/87
f 84/28/86 88/19/90 89/25/91
f 90/27/92 84/28/86 89/25/91
f 84/28/86 90/27/92 86/29/88
f 91/20/93 89/25/91 88/19/90
f 89/25/91 91/20/93 92/23/94
f 92/23/94 90/27/92 89/25/91
f 90/27/92 92/23/94 93/26/95
f 67/21/68 92/23/94 91/20/93
f 92/23/94 67/21/68 94/22/96
f 95/24/97 92/23/94 94/22/96
f 92/23/94 95/24/97 93/26/95
f 95/24/97 96/42/98 97/26/99
f 98/41/100 97/26/99 96/42/98
f 99/40/101 98/41/100 96/42/98
f 99/40/101 100/39/102 98/41/100
f 100/39/102 97/26/99 98/41/100
f 97/26/99 100/39/102 101/27/103
f 102/38/104 100/39/102 99/40/101
f 100/39/102 103/29/105 101/27/103
f 104/37/106 100/39/102 102/38/104
f 103/29/105 100/39/102 104/37/106
f 105/36/107 104/37/106 102/38/104
f 103/29/105 104/37/106 106/31/108
f 105/36/107 107/35/109 104/37/106
f 104/37/106 107/35/109 106/31/108
f 108/34/110 106/31/108 107/35/109
f 108/34/110 107/35/109 105/36/107
f 106/31/108 108/34/110 83/33/111
f 109/2/112 110/10/113 111/3/114
f 112/1/115 113/2/116 111/3/114
f 112/1/115 114/5/117 113/2/116
f 114/5/117 112/1/115 115/4/118
f 115/4/118 116/6/119 114/5/117
f 110/10/113 109/2/112 117/11/120
f 117/11/120 118/12/121 110/10/113
f 109/2/112 119/14/122 117/11/120
f 119/14/122 109/2/112 120/5/123
f 121/7/124 116/6/119 115/4/118
f 116/6/119 121/7/124 122/8/125
f 118/12/121 117/11/120 123/13/126
f 117/11/120 124/15/127 123/13/126
f 124/15/127 117/11/120 119/14/122
f 124/15/127 119/14/122 125/19/128
f 120/5/123 126/16/129 119/14/122
f 119/14/122 126/16/129 125/19/128
f 126/16/129 120/5/123 127/6/130
f 128/9/131 122/8/125 121/7/124
f 126/16/129 129/20/132 125/19/128
f 127/6/130 130/18/133 126/16/129
f 129/20/132 126/16/129 130/18/133
f 130/18/133 127/6/130 131/8/134
f 131/8/134 132/17/135 130/18/133
f 132/17/135 131/8/134 128/9/136
f 130/18/133 133/21/137 129/20/132
f 133/21/137 130/18/133 132/17/135
f 134/23/138 133/21/137 135/22/139
f 133/21/137 134/23/138 136/20/140
f 134/23/138 137/19/141 136/20/140
f 137/19/141 134/23/138 138/25/142
f 139/27/143 138/25/142 134/23/138
f 140/26/144 139/27/143 134/23/138
f 140/26/144 134/23/138 135/22/139
f 135/22/139 141/24/145 140/26/144
f 142/15/146 137/19/141 138/25/142
f 143/28/147 142/15/146 138/25/142
f 138/25/142 144/29/148 143/28/147
f 144/29/148 138/25/142 139/27/143
f 145/30/149 142/15/146 143/28/147
f 144/29/148 145/30/149 143/28/147
f 142/15/146 145/30/149 146/13/150
f 145/30/149 144/29/148 147/31/151
f 148/32/152 146/13/150 145/30/149
f 149/33/153 145/30/149 147/31/151
f 145/30/149 149/33/153 148/32/152
f 146/13/150 148/32/152 118/12/154
f 150/42/155 151/26/156 141/24/157
f 151/26/156 150/42/155 152/41/158
f 153/40/159 152/41/158 150/42/155
f 153/40/159 154/39/160 152/41/158
f 154/39/160 151/26/156 152/41/158
f 151/26/156 154/39/160 155/27/161
f 156/38/162 154/39/160 153/40/159
f 154/39/160 157/29/163 155/27/161
f 157/29/163 154/39/160 158/37/164
f 158/37/164 154/39/160 156/38/162
f 159/36/165 158/37/164 156/38/162
f 158/37/164 160/31/166 157/29/163
f 159/36/165 161/35/167 158/37/164
f 160/31/166 158/37/164 161/35/167
f 160/31/166 161/35/167 149/33/168
f 149/33/168 161/35/167 162/34/169
f 162/34/169 161/35/167 159/36/165
f 163/9/170 164/8/171 165/7/172
f 163/9/170 166/17/173 167/8/174
f 168/6/175 165/7/172 164/8/171
f 165/7/172 168/6/175 169/4/176
f 169/4/176 168/6/175 170/5/177
f 170/5/177 171/1/178 169/4/176
f 171/1/178 170/5/177 172/2/176
f 173/18/179 167/8/174 166/17/173
f 166/17/173 174/21/180 173/18/179
f 171/1/178 172/2/176 175/3/181
f 176/16/182 167/8/174 173/18/179
f 167/8/174 176/16/182 177/6/183
f 173/18/179 178/19/184 176/16/182
f 178/19/184 173/18/179 179/20/185
f 179/20/185 173/18/179 174/21/180
f 180/15/186 176/16/182 178/19/184
f 181/14/187 177/6/183 176/16/182
f 176/16/182 180/15/186 181/14/187
f 177/6/183 181/14/187 182/5/188
f 181/14/187 180/15/186 183/13/189
f 181/14/187 183/13/189 184/11/190
f 184/11/190 182/5/188 181/14/187
f 182/5/188 184/11/190 185/2/191
f 186/10/192 175/3/193 185/2/191
f 185/2/191 184/11/190 186/10/192
f 184/11/190 187/12/194 186/10/192
f 187/12/194 184/11/190 183/13/189
f 188/13/195 189/32/196 187/12/197
f 189/32/196 188/13/195 190/30/198
f 191/15/199 190/30/198 188/13/195
f 192/31/200 189/32/196 190/30/198
f 193/33/201 189/32/196 192/31/200
f 190/30/198 191/15/199 194/28/202
f 190/30/198 195/29/203 192/31/200
f 195/29/203 190/30/198 194/28/202
f 191/15/199 196/25/204 194/28/202
f 194/28/202 197/27/205 195/29/203
f 197/27/205 194/28/202 196/25/204
f 196/25/204 191/15/199 198/19/206
f 199/20/207 196/25/204 198/19/206
f 196/25/204 199/20/207 200/23/208
f 200/23/208 197/27/205 196/25/204
f 197/27/205 200/23/208 201/26/209
f 174/21/180 200/23/208 199/20/207
f 200/23/208 174/21/180 202/22/210
f 200/23/208 203/24/211 201/26/209
f 203/24/211 200/23/208 202/22/210
f 204/31/212 205/34/213 193/33/214
f 205/34/213 204/31/212 206/35/215
f 207/29/216 206/35/215 204/31/212
f 205/34/213 206/35/215 208/36/217
f 208/36/217 206/35/215 209/37/218
f 206/35/215 207/29/216 209/37/218
f 207/29/216 210/27/219 209/37/218
f 208/36/217 209/37/218 211/38/220
f 210/27/219 212/39/221 209/37/218
f 209/37/218 212/39/221 211/38/220
f 213/26/222 212/39/221 210/27/219
f 203/24/223 214/42/224 213/26/222
f 213/26/222 214/42/224 215/41/225
f 212/39/221 213/26/222 215/41/225
f 211/38/220 212/39/221 216/40/226
f 216/40/226 212/39/221 215/41/225
f 216/40/226 215/41/225 214/42/224
f 217/43/227 218/44/228 219/1/229
f 220/44/230 221/4/231 219/1/229
f 222/45/228 218/44/228 217/43/227
f 222/45/228 217/43/227 223/46/232
f 224/47/233 218/44/228 222/45/228
f 224/47/233 225/48/230 220/44/230
f 220/44/230 225/48/230 221/4/231
f 221/4/231 225/48/230 226/7/234
f 227/49/235 228/45/236 223/46/232
f 224/47/233 228/45/236 229/50/237
f 229/50/237 228/45/236 227/49/235
f 229/50/237 227/49/235 230/51/124
f 231/52/238 232/50/239 230/51/240
f 224/47/233 232/50/239 233/53/239
f 233/53/239 232/50/239 231/52/238
f 233/53/239 231/52/238 234/54/241
f 235/55/242 236/53/243 234/54/244
f 224/47/233 236/53/243 237/56/243
f 237/56/243 236/53/243 235/55/242
f 237/56/243 235/55/242 238/57/245
f 239/58/246 240/56/247 238/57/248
f 241/59/247 240/56/247 239/58/246
f 241/59/247 239/58/246 242/60/249
f 224/47/233 240/56/247 241/59/247
f 243/61/250 244/59/251 242/60/249
f 224/47/233 244/59/251 245/62/251
f 245/62/251 244/59/251 243/61/250
f 245/62/251 243/61/250 246/63/252
f 247/64/253 248/62/254 246/63/252
f 224/47/255 248/62/254 249/65/254
f 249/65/254 248/62/254 247/64/253
f 249/65/254 247/64/253 250/66/256
f 251/67/257 252/65/258 250/66/256
f 224/47/233 252/65/258 253/68/259
f 253/68/259 252/65/258 251/67/257
f 253/68/259 251/67/257 254/69/260
f 255/70/261 256/68/262 254/69/263
f 257/71/264 256/68/262 255/70/261
f 257/71/264 255/70/261 258/72/265
f 224/47/255 256/68/262 257/71/264
f 259/73/266 260/71/267 258/72/268
f 224/47/255 260/71/267 261/74/269
f 261/74/269 260/71/267 259/73/266
f 261/74/269 259/73/266 262/75/270
f 263/76/271 264/74/272 262/75/270
f 224/47/233 264/74/272 265/77/273
f 265/77/273 264/74/272 263/76/271
f 265/77/273 263/76/271 266/78/274
f 267/79/275 268/77/276 266/78/274
f 224/47/233 268/77/276 269/80/277
f 269/80/277 268/77/276 267/79/275
f 269/80/277 267/79/275 270/81/278
f 271/82/279 272/80/280 270/81/281
f 273/83/282 272/80/280 271/82/279
f 273/83/282 271/82/279 274/84/283
f 224/47/233 272/80/280 273/83/282
f 275/85/284 276/83/285 274/84/286
f 224/47/233 276/83/285 277/86/68
f 277/86/68 276/83/285 275/85/284
f 277/86/68 275/85/284 278/87/287
f 224/47/233 279/86/288 280/48/80
f 281/88/289 279/86/288 278/87/290
f 280/48/80 279/86/288 281/88/289
f 280/48/80 281/88/289 226/7/234
f 282/6/291 283/4/292 226/7/234
f 282/6/291 226/7/234 284/8/292
f 285/9/293 284/8/292 226/7/234
f 283/4/292 282/6/291 286/5/294
f 283/4/292 286/5/294 287/2/295
f 287/2/295 288/1/294 283/4/292
f 288/1/294 287/2/295 289/3/296
f 290/17/297 291/8/298 285/9/293
f 292/10/299 289/3/300 293/2/301
f 291/8/298 290/17/297 294/18/302
f 290/17/297 295/20/303 294/18/302
f 295/20/303 290/17/297 296/21/304
f 297/16/305 291/8/298 294/18/302
f 298/19/306 294/18/302 295/20/303
f 298/19/306 297/16/305 294/18/302
f 297/16/305 299/6/307 291/8/298
f 300/15/308 297/16/305 298/19/306
f 297/16/305 300/15/308 301/14/309
f 301/14/309 299/6/307 297/16/305
f 293/2/301 302/11/310 292/10/299
f 293/2/301 301/14/309 302/11/310
f 301/14/309 293/2/301 303/5/311
f 300/15/308 302/11/310 301/14/309
f 299/6/307 301/14/309 303/5/311
f 302/11/310 304/13/312 292/10/299
f 292/10/299 304/13/312 305/12/313
f 302/11/310 300/15/308 304/13/312
f 306/23/314 296/21/80 307/22/315
f 296/21/80 306/23/314 308/20/316
f 309/24/85 306/23/314 307/22/315
f 310/25/317 308/20/316 306/23/314
f 306/23/314 311/27/318 310/25/317
f 311/27/318 306/23/314 312/26/319
f 306/23/314 309/24/85 312/26/319
f 308/20/316 310/25/317 313/19/320
f 314/28/321 313/19/320 310/25/317
f 311/27/318 314/28/321 310/25/317
f 314/28/321 311/27/318 315/29/322
f 313/19/320 314/28/321 316/15/323
f 316/15/323 314/28/321 317/13/324
f 315/29/322 318/30/325 314/28/321
f 314/28/321 318/30/325 317/13/324
f 317/13/324 318/30/325 305/12/326
f 318/30/325 315/29/322 319/31/327
f 309/24/85 320/42/328 321/26/329
f 322/33/330 318/30/325 319/31/327
f 318/30/325 322/33/330 323/32/331
f 305/12/326 318/30/325 323/32/331
f 324/41/332 321/26/329 320/42/328
f 325/40/333 324/41/332 320/42/328
f 321/26/329 324/41/332 326/27/334
f 325/40/333 327/39/335 324/41/332
f 324/41/332 327/39/335 326/27/334
f 328/38/336 327/39/335 325/40/333
f 327/39/335 329/29/337 326/27/334
f 329/29/337 327/39/335 330/37/338
f 330/37/338 327/39/335 328/38/336
f 331/36/339 330/37/338 328/38/336
f 329/29/337 330/37/338 332/31/340
f 332/31/340 333/34/341 322/33/342
f 331/36/339 334/35/343 330/37/338
f 330/37/338 334/35/343 332/31/340
f 333/34/341 332/31/340 334/35/343
f 333/34/341 334/35/343 331/36/339
f 335/1/344 336/2/345 337/3/346
f 335/1/344 338/4/347 336/2/345
f 338/4/347 339/5/348 336/2/345
f 338/4/347 340/6/349 339/5/348
f 340/6/349 338/4/347 341/7/350
f 341/7/350 342/8/351 340/6/349
f 343/9/300 342/8/351 341/7/350
f 344/10/352 337/3/346 345/2/353
f 345/2/353 346/11/354 344/10/352
f 346/11/354 347/12/355 344/10/352
f 346/11/354 345/2/353 348/5/307
f 347/12/355 346/11/354 349/13/356
f 348/5/307 350/14/357 346/11/354
f 346/11/354 351/15/358 349/13/356
f 351/15/358 346/11/354 350/14/357
f 352/6/359 350/14/357 348/5/307
f 350/14/357 353/19/360 351/15/358
f 353/19/360 350/14/357 354/16/361
f 350/14/357 352/6/359 354/16/361
f 354/16/361 352/6/359 355/8/362
f 343/9/300 356/17/363 355/8/362
f 355/8/362 357/18/364 354/16/361
f 353/19/360 354/16/361 357/18/364
f 355/8/362 356/17/363 357/18/364
f 357/18/364 358/20/365 353/19/360
f 356/17/363 358/20/365 357/18/364
f 358/20/365 356/17/363 359/21/326
f 360/23/366 359/21/313 361/22/367
f 359/21/313 360/23/366 362/20/368
f 363/24/369 360/23/366 361/22/367
f 364/25/370 362/20/368 360/23/366
f 360/23/366 365/27/371 364/25/370
f 360/23/366 366/26/372 365/27/371
f 360/23/366 363/24/369 366/26/372
f 362/20/368 364/25/370 367/19/373
f 365/27/371 368/29/374 364/25/370
f 364/25/370 369/15/375 367/19/373
f 364/25/370 368/29/374 370/28/376
f 369/15/375 364/25/370 370/28/376
f 369/15/375 370/28/376 371/13/377
f 372/30/378 371/13/377 370/28/376
f 368/29/374 372/30/378 370/28/376
f 372/30/378 368/29/374 373/31/379
f 372/30/378 347/12/380 371/13/377
f 347/12/380 372/30/378 374/32/381
f 375/33/382 372/30/378 373/31/379
f 372/30/378 375/33/382 374/32/381
f 376/31/383 377/34/384 375/33/382
f 377/34/384 376/31/383 378/35/385
f 379/29/386 378/35/385 376/31/383
f 377/34/384 378/35/385 380/36/387
f 380/36/387 378/35/385 381/37/388
f 378/35/385 379/29/386 381/37/388
f 382/27/389 381/37/388 379/29/386
f 380/36/387 381/37/388 383/38/390
f 384/39/391 381/37/388 382/27/389
f 381/37/388 384/39/391 383/38/390
f 385/26/392 384/39/391 382/27/389
f 383/38/390 384/39/391 386/40/393
f 386/40/393 384/39/391 387/41/394
f 384/39/391 385/26/392 387/41/394
f 386/40/393 387/41/394 388/42/395
f 387/41/394 385/26/392 388/42/395
f 363/24/342 388/42/395 385/26/392
f 389/8/396 390/4/397 391/7/241
f 392/9/398 389/8/396 391/7/241
f 390/4/397 389/8/396 393/6/399
f 390/4/397 393/6/399 394/5/400
f 394/5/400 395/1/401 390/4/397
f 395/1/401 394/5/400 396/2/402
f 395/1/401 396/2/402 397/3/403
f 392/9/398 398/17/404 399/8/405
f 399/8/405 398/17/404 400/18/406
f 398/17/404 401/21/407 400/18/406
f 400/18/406 402/6/408 399/8/405
f 402/6/408 400/18/406 403/16/409
f 400/18/406 401/21/407 404/20/410
f 404/20/410 403/16/409 400/18/406
f 403/16/409 405/5/130 402/6/408
f 403/16/409 404/20/410 406/19/411
f 407/14/412 405/5/130 403/16/409
f 403/16/409 406/19/411 407/14/412
f 407/14/412 408/2/413 405/5/130
f 409/10/414 397/3/415 408/2/413
f 409/10/414 408/2/413 410/11/416
f 408/2/413 407/14/412 410/11/416
f 411/15/417 410/11/416 407/14/412
f 411/15/417 407/14/412 406/19/411
f 410/11/416 412/13/418 409/10/414
f 410/11/416 411/15/417 412/13/418
f 413/12/419 409/10/414 412/13/418
f 414/13/420 415/32/421 413/12/422
f 415/32/421 414/13/420 416/30/423
f 417/15/424 416/30/423 414/13/420
f 416/30/423 418/33/425 415/32/421
f 416/30/423 417/15/424 419/28/426
f 418/33/425 416/30/423 420/31/427
f 421/29/428 416/30/423 419/28/426
f 416/30/423 421/29/428 420/31/427
f 422/19/429 419/28/426 417/15/424
f 419/28/426 422/19/429 423/25/430
f 421/29/428 419/28/426 423/25/430
f 421/29/428 423/25/430 424/27/431
f 425/20/432 423/25/430 422/19/429
f 423/25/430 425/20/432 426/23/433
f 423/25/430 426/23/433 424/27/431
f 427/26/434 424/27/431 426/23/433
f 401/21/407 426/23/433 425/20/432
f 426/23/433 401/21/407 428/22/435
f 427/26/434 426/23/433 428/22/435
f 428/22/435 429/24/436 427/26/434
f 430/42/437 431/26/438 429/24/436
f 431/26/438 430/42/437 432/41/439
f 433/40/440 432/41/439 430/42/437
f 433/40/440 434/39/441 432/41/439
f 434/39/441 431/26/438 432/41/439
f 431/26/438 434/39/441 435/27/442
f 436/38/443 434/39/441 433/40/440
f 434/39/441 437/29/444 435/27/442
f 437/29/444 434/39/441 438/37/445
f 438/37/445 434/39/441 436/38/443
f 439/36/446 438/37/445 436/38/443
f 438/37/445 440/31/447 437/29/444
f 439/36/446 441/35/448 438/37/445
f 440/31/447 438/37/445 441/35/448
f 442/34/449 440/31/447 441/35/448
f 442/34/449 441/35/448 439/36/446
f 440/31/447 442/34/449 418/33/450
f 443/9/451 444/8/452 445/7/453
f 443/9/193 446/17/454 447/8/455
f 448/6/456 445/7/453 444/8/452
f 445/7/453 448/6/456 449/4/452
f 449/4/452 448/6/456 450/5/457
f 450/5/457 451/1/458 449/4/452
f 451/1/458 450/5/457 452/2/459
f 453/18/460 447/8/455 446/17/454
f 454/21/461 453/18/460 446/17/454
f 453/18/460 455/6/462 447/8/455
f 451/1/458 452/2/459 456/3/463
f 455/6/462 453/18/460 457/16/464
f 458/20/465 453/18/460 454/21/461
f 458/20/465 457/16/464 453/18/460
f 457/16/464 458/20/465 459/19/466
f 460/15/467 457/16/464 459/19/466
f 461/14/468 455/6/462 457/16/464
f 457/16/464 460/15/467 461/14/468
f 455/6/462 461/14/468 462/5/469
f 463/13/470 461/14/468 460/15/467
f 463/13/470 464/11/471 461/14/468
f 464/11/471 462/5/469 461/14/468
f 464/11/471 465/2/472 462/5/469
f 466/10/473 456/3/474 465/2/472
f 465/2/472 464/11/471 466/10/473
f 467/12/475 464/11/471 463/13/470
f 464/11/471 467/12/475 466/10/473
f 468/13/476 469/32/477 467/12/478
f 469/32/477 468/13/476 470/30/479
f 471/15/480 470/30/479 468/13/476
f 470/30/479 472/33/481 469/32/477
f 470/30/479 471/15/480 473/28/482
f 472/33/481 470/30/479 474/31/483
f 470/30/479 475/29/484 474/31/483
f 475/29/484 470/30/479 473/28/482
f 476/19/485 473/28/482 471/15/480
f 473/28/482 476/19/485 477/25/486
f 473/28/482 478/27/487 475/29/484
f 478/27/487 473/28/482 477/25/486
f 479/23/488 477/25/486 476/19/485
f 479/23/488 478/27/487 477/25/486
f 480/20/489 479/23/488 476/19/485
f 479/23/488 481/26/490 478/27/487
f 479/23/488 480/20/489 482/22/491
f 479/23/488 483/24/492 481/26/490
f 483/24/492 479/23/488 482/22/491
f 454/21/194 482/22/491 480/20/489
f 483/24/492 484/42/493 485/26/494
f 485/26/494 484/42/493 486/41/495
f 487/40/496 486/41/495 484/42/493
f 487/40/496 488/39/497 486/41/495
f 488/39/497 485/26/494 486/41/495
f 485/26/494 488/39/497 489/27/498
f 490/38/499 488/39/497 487/40/496
f 489/27/498 488/39/497 491/37/500
f 491/37/500 488/39/497 490/38/499
f 489/27/498 491/37/500 492/29/501
f 493/36/502 491/37/500 490/38/499
f 493/36/502 494/35/503 491/37/500
f 491/37/500 495/31/504 492/29/501
f 495/31/504 491/37/500 494/35/503
f 496/34/505 494/35/503 493/36/502
f 495/31/504 494/35/503 472/33/506
f 496/34/505 472/33/506 494/35/503
f 497/9/507 498/8/508 499/7/260
f 500/17/509 501/8/510 497/9/507
f 502/6/511 499/7/260 498/8/508
f 502/6/511 503/4/512 499/7/260
f 503/4/512 502/6/511 504/5/513
f 504/5/513 505/1/514 503/4/512
f 505/1/514 504/5/513 506/2/515
f 507/18/516 501/8/510 500/17/509
f 508/21/259 507/18/516 500/17/509
f 507/18/516 509/6/517 501/8/510
f 505/1/514 506/2/515 510/3/518
f 509/6/517 507/18/516 511/16/519
f 512/20/520 507/18/516 508/21/259
f 512/20/520 511/16/519 507/18/516
f 509/6/517 511/16/519 513/5/462
f 511/16/519 512/20/520 514/19/521
f 515/14/522 513/5/462 511/16/519
f 515/14/522 511/16/519 514/19/521
f 516/15/523 515/14/522 514/19/521
f 517/13/524 515/14/522 516/15/523
f 515/14/522 517/13/524 518/11/525
f 513/5/462 515/14/522 518/11/525
f 518/11/525 519/2/526 513/5/462
f 520/10/527 510/3/518 519/2/526
f 519/2/526 518/11/525 520/10/527
f 518/11/525 521/12/528 520/10/527
f 521/12/528 518/11/525 517/13/524
f 522/22/529 523/20/530 508/21/259
f 524/23/531 523/20/530 522/22/529
f 525/24/481 524/23/531 522/22/529
f 524/23/531 526/19/532 523/20/530
f 527/25/533 526/19/532 524/23/531
f 528/27/534 527/25/533 524/23/531
f 524/23/531 529/26/535 528/27/534
f 524/23/531 525/24/481 529/26/535
f 530/28/536 526/19/532 527/25/533
f 527/25/533 531/29/537 530/28/536
f 531/29/537 527/25/533 528/27/534
f 526/19/532 530/28/536 532/15/538
f 533/30/539 532/15/538 530/28/536
f 531/29/537 533/30/539 530/28/536
f 533/30/539 531/29/537 534/31/540
f 532/15/538 533/30/539 535/13/541
f 536/33/542 533/30/539 534/31/540
f 533/30/539 521/12/528 535/13/541
f 537/32/543 521/12/528 533/30/539
f 533/30/539 536/33/542 537/32/543
f 538/31/544 539/34/545 536/33/546
f 539/34/545 538/31/544 540/35/547
f 539/34/545 540/35/547 541/36/548
f 541/36/548 540/35/547 542/37/549
f 538/31/544 542/37/549 540/35/547
f 542/37/549 538/31/544 543/29/550
f 541/36/548 542/37/549 544/38/551
f 543/29/550 545/39/552 542/37/549
f 542/37/549 545/39/552 544/38/551
f 545/39/552 543/29/550 546/27/553
f 544/38/551 545/39/552 547/40/554
f 547/40/554 545/39/552 548/41/555
f 549/26/556 545/39/552 546/27/553
f 545/39/552 549/26/556 548/41/555
f 547/40/554 548/41/555 550/42/557
f 525/24/506 548/41/555 549/26/556
f 548/41/555 525/24/506 550/42/557
f 551/22/558 552/24/542 553/26/559
f 554/42/560 555/26/561 552/24/546
f 553/26/559 556/23/562 551/22/558
f 556/23/562 557/21/528 551/22/558
f 558/27/563 556/23/562 553/26/559
f 557/21/528 556/23/562 559/20/564
f 560/25/565 559/20/564 556/23/562
f 560/25/565 556/23/562 558/27/563
f 561/29/566 560/25/565 558/27/563
f 562/41/567 555/26/561 554/42/560
f 563/40/568 562/41/567 554/42/560
f 562/41/567 564/27/569 555/26/561
f 563/40/568 565/39/570 562/41/567
f 564/27/569 562/41/567 565/39/570
f 559/20/564 560/25/565 566/19/571
f 567/28/572 566/19/571 560/25/565
f 560/25/565 561/29/566 567/28/572
f 568/38/573 565/39/570 563/40/568
f 565/39/570 569/29/574 564/27/569
f 569/29/574 565/39/570 570/37/575
f 570/37/575 565/39/570 568/38/573
f 561/29/566 571/30/576 567/28/572
f 571/30/576 561/29/566 572/31/577
f 566/19/571 567/28/572 573/15/578
f 574/13/579 567/28/572 571/30/576
f 567/28/572 574/13/579 573/15/578
f 575/36/580 570/37/575 568/38/573
f 570/37/575 576/31/581 569/29/574
f 575/36/580 577/35/582 570/37/575
f 576/31/581 570/37/575 577/35/582
f 578/34/583 576/31/581 577/35/582
f 578/34/583 577/35/582 575/36/580
f 579/33/584 571/30/576 572/31/577
f 576/31/581 578/34/583 579/33/584
f 571/30/576 580/12/585 574/13/579
f 571/30/576 579/33/584 581/32/586
f 580/12/585 571/30/576 581/32/586
f 582/11/587 580/12/588 583/10/589
f 580/12/588 582/11/587 584/13/590
f 582/11/587 585/15/591 584/13/590
f 586/2/592 582/11/587 583/10/589
f 586/2/592 587/14/593 582/11/587
f 585/15/591 582/11/587 587/14/593
f 583/10/589 588/3/594 586/2/592
f 587/14/593 589/19/595 585/15/591
f 587/14/593 586/2/592 590/5/596
f 591/16/597 589/19/595 587/14/593
f 590/5/596 591/16/597 587/14/593
f 591/16/597 592/20/598 589/19/595
f 593/6/599 591/16/597 590/5/596
f 593/6/599 594/18/600 591/16/597
f 592/20/598 591/16/597 594/18/600
f 594/18/600 557/21/601 592/20/598
f 594/18/600 593/6/599 595/8/602
f 595/8/602 596/17/603 594/18/600
f 557/21/601 594/18/600 596/17/603
f 597/9/604 596/17/603 595/8/602
f 598/1/605 599/2/606 588/3/594
f 598/1/605 600/5/607 599/2/606
f 600/5/607 598/1/605 601/4/608
f 601/4/608 602/6/609 600/5/607
f 602/6/609 601/4/608 603/7/610
f 597/9/604 604/8/608 603/7/610
f 603/7/610 604/8/608 602/6/609
f 605/26/611 606/22/612 607/24/613
f 607/24/42 608/42/614 609/26/615
f 606/22/612 605/26/611 610/23/616
f 610/23/616 605/26/611 611/27/617
f 610/23/616 612/20/618 606/22/612
f 613/21/619 606/22/612 612/20/618
f 612/20/618 610/23/616 614/19/620
f 615/25/621 614/19/620 610/23/616
f 610/23/616 611/27/617 615/25/621
f 616/28/622 614/19/620 615/25/621
f 611/27/617 616/28/622 615/25/621
f 616/28/622 611/27/617 617/29/623
f 608/42/614 618/41/624 609/26/615
f 619/40/625 618/41/624 608/42/614
f 619/40/625 620/39/626 618/41/624
f 620/39/626 609/26/615 618/41/624
f 609/26/615 620/39/626 621/27/627
f 614/19/620 616/28/622 622/15/628
f 623/30/629 622/15/628 616/28/622
f 617/29/623 623/30/629 616/28/622
f 623/30/629 617/29/623 624/31/630
f 625/38/631 620/39/626 619/40/625
f 620/39/626 626/29/632 621/27/627
f 627/37/633 620/39/626 625/38/631
f 626/29/632 620/39/626 627/37/633
f 622/15/628 623/30/629 628/13/634
f 628/13/634 623/30/629 629/12/635
f 623/30/629 624/31/630 630/32/636
f 630/32/636 629/12/635 623/30/629
f 630/32/636 624/31/630 631/33/637
f 632/36/638 627/37/633 625/38/631
f 626/29/632 627/37/633 633/31/639
f 632/36/638 634/35/640 627/37/633
f 627/37/633 634/35/640 633/31/639
f 633/31/639 634/35/640 631/33/637
f 631/33/637 634/35/640 635/34/641
f 635/34/641 634/35/640 632/36/638
f 636/11/642 629/12/68 637/10/643
f 629/12/68 636/11/642 638/13/644
f 637/10/643 639/2/645 636/11/642
f 639/2/645 640/14/646 636/11/642
f 638/13/644 636/11/642 640/14/646
f 637/10/643 641/3/647 639/2/645
f 638/13/644 640/14/646 642/15/648
f 640/14/646 639/2/645 643/5/649
f 644/16/650 642/15/648 640/14/646
f 644/16/650 640/14/646 643/5/649
f 642/15/648 644/16/650 645/19/651
f 644/16/650 643/5/649 646/6/72
f 646/6/72 647/18/652 644/16/650
f 644/16/650 648/20/653 645/19/651
f 648/20/653 644/16/650 647/18/652
f 647/18/652 646/6/72 649/8/654
f 647/18/652 649/8/654 650/17/655
f 650/17/655 613/21/656 647/18/652
f 648/20/653 647/18/652 613/21/656
f 651/9/3 650/17/655 649/8/654
f 652/1/657 653/2/658 641/3/659
f 652/1/657 654/5/660 653/2/658
f 654/5/660 652/1/657 655/4/661
f 655/4/661 656/6/662 654/5/660
f 657/7/663 656/6/662 655/4/661
f 651/9/664 658/8/665 657/7/663
f 656/6/662 657/7/663 658/8/665
f 659/8/168 660/4/666 661/7/248
f 662/9/667 659/8/168 661/7/248
f 660/4/666 659/8/168 663/6/668
f 660/4/666 663/6/668 664/5/669
f 664/5/669 665/1/670 660/4/666
f 665/1/670 664/5/669 666/2/666
f 665/1/670 666/2/666 667/3/671
f 662/9/403 668/17/672 669/8/673
f 668/17/672 670/18/674 669/8/673
f 668/17/672 671/21/675 670/18/674
f 670/18/674 672/6/676 669/8/673
f 672/6/676 670/18/674 673/16/677
f 670/18/674 671/21/675 674/20/678
f 674/20/678 673/16/677 670/18/674
f 673/16/677 675/5/408 672/6/676
f 673/16/677 674/20/678 676/19/679
f 677/15/680 673/16/677 676/19/679
f 673/16/677 677/15/680 678/14/681
f 675/5/408 673/16/677 678/14/681
f 678/14/681 679/2/682 675/5/408
f 680/10/683 667/3/671 679/2/682
f 677/15/680 681/11/684 678/14/681
f 679/2/682 678/14/681 681/11/684
f 680/10/683 679/2/682 681/11/684
f 681/11/684 682/13/685 680/10/683
f 681/11/684 677/15/680 682/13/685
f 683/12/247 680/10/683 682/13/685
f 684/13/686 685/30/687 683/12/247
f 686/32/688 683/12/247 685/30/687
f 685/30/687 687/33/689 686/32/688
f 684/13/686 688/28/690 685/30/687
f 688/28/690 684/13/686 689/15/691
f 690/29/692 685/30/687 688/28/690
f 685/30/687 690/29/692 691/31/693
f 687/33/689 685/30/687 691/31/693
f 692/19/694 688/28/690 689/15/691
f 688/28/690 693/25/695 690/29/692
f 688/28/690 692/19/694 693/25/695
f 693/25/695 694/27/696 690/29/692
f 695/20/697 693/25/695 692/19/694
f 693/25/695 695/20/697 696/23/698
f 696/23/698 694/27/696 693/25/695
f 694/27/696 696/23/698 697/26/699
f 671/21/419 696/23/698 695/20/697
f 696/23/698 671/21/419 698/22/700
f 698/22/700 697/26/699 696/23/698
f 697/26/699 698/22/700 699/24/425
f 699/24/425 700/42/701 701/26/702
f 701/26/702 700/42/701 702/41/703
f 703/40/704 702/41/703 700/42/701
f 703/40/704 704/39/705 702/41/703
f 704/39/705 701/26/702 702/41/703
f 701/26/702 704/39/705 705/27/706
f 706/38/707 704/39/705 703/40/704
f 704/39/705 707/29/708 705/27/706
f 707/29/708 704/39/705 708/37/709
f 708/37/709 704/39/705 706/38/707
f 709/36/710 708/37/709 706/38/707
f 707/29/708 708/37/709 710/31/711
f 709/36/710 711/35/712 708/37/709
f 710/31/711 708/37/709 711/35/712
f 712/34/713 710/31/711 711/35/712
f 712/34/713 711/35/712 709/36/710
f 710/31/711 712/34/713 687/33/714
f 713/8/715 714/4/716 715/7/717
f 716/9/671 713/8/715 715/7/717
f 714/4/716 713/8/715 717/6/718
f 714/4/716 717/6/718 718/5/719
f 718/5/719 719/1/719 714/4/716
f 719/1/719 718/5/719 720/2/720
f 719/1/719 720/2/720 721/3/170
f 716/9/671 722/17/721 723/8/722
f 724/18/723 723/8/722 722/17/721
f 722/17/721 725/21/724 724/18/723
f 724/18/723 726/6/725 723/8/722
f 726/6/725 724/18/723 727/16/726
f 728/20/727 724/18/723 725/21/724
f 724/18/723 729/19/728 727/16/726
f 724/18/723 728/20/727 729/19/728
f 730/15/729 727/16/726 729/19/728
f 727/16/726 730/15/729 731/14/730
f 731/14/730 726/6/725 727/16/726
f 726/6/725 731/14/730 732/5/731
f 733/13/732 731/14/730 730/15/729
f 731/14/730 733/13/732 734/11/733
f 734/11/733 732/5/731 731/14/730
f 732/5/731 734/11/733 735/2/734
f 736/12/735 734/11/733 733/13/732
f 734/11/733 736/12/735 737/10/736
f 735/2/734 734/11/733 737/10/736
f 737/10/736 721/3/170 735/2/734
f 738/13/737 739/30/738 736/12/251
f 736/12/251 739/30/738 740/32/739
f 741/28/740 739/30/738 738/13/737
f 742/15/741 741/28/740 738/13/737
f 743/29/742 739/30/738 741/28/740
f 739/30/738 743/29/742 744/31/743
f 739/30/738 744/31/743 740/32/739
f 740/32/739 744/31/743 745/33/744
f 746/19/745 741/28/740 742/15/741
f 741/28/740 746/19/745 747/25/746
f 748/27/747 741/28/740 747/25/746
f 741/28/740 748/27/747 743/29/742
f 749/20/748 747/25/746 746/19/745
f 747/25/746 749/20/748 750/23/749
f 750/23/749 748/27/747 747/25/746
f 748/27/747 750/23/749 751/26/750
f 725/21/247 750/23/749 749/20/748
f 750/23/749 725/21/247 752/22/751
f 752/22/751 751/26/750 750/23/749
f 751/26/750 752/22/751 753/24/752
f 754/31/753 755/34/754 745/33/223
f 755/34/754 754/31/753 756/35/755
f 755/34/754 756/35/755 757/36/756
f 757/36/756 756/35/755 758/37/757
f 754/31/753 758/37/757 756/35/755
f 759/29/758 758/37/757 754/31/753
f 757/36/756 758/37/757 760/38/759
f 759/29/758 761/27/760 758/37/757
f 758/37/757 762/39/761 760/38/759
f 761/27/760 762/39/761 758/37/757
f 760/38/759 762/39/761 763/40/762
f 764/26/763 762/39/761 761/27/760
f 753/24/752 765/42/764 764/26/763
f 763/40/762 762/39/761 766/41/765
f 762/39/761 764/26/763 766/41/765
f 763/40/762 766/41/765 765/42/764
f 764/26/763 765/42/764 766/41/765
f 767/1/766 768/2/767 769/3/768
f 770/4/769 768/2/767 767/1/766
f 770/4/769 771/5/770 768/2/767
f 770/4/769 772/6/771 771/5/770
f 772/6/771 770/4/769 773/7/270
f 773/7/270 774/8/772 772/6/771
f 775/9/773 774/8/772 773/7/270
f 776/10/774 769/3/768 777/2/775
f 777/2/775 778/11/776 776/10/774
f 778/11/776 779/12/777 776/10/774
f 780/5/599 778/11/776 777/2/775
f 779/12/777 778/11/776 781/13/778
f 780/5/599 782/14/779 778/11/776
f 778/11/776 783/15/780 781/13/778
f 783/15/780 778/11/776 782/14/779
f 782/14/779 784/19/781 783/15/780
f 784/19/781 782/14/779 785/16/782
f 780/5/599 785/16/782 782/14/779
f 785/16/782 780/5/599 786/6/783
f 786/6/783 787/18/784 785/16/782
f 784/19/781 785/16/782 787/18/784
f 787/18/784 788/20/785 784/19/781
f 787/18/784 786/6/783 789/8/786
f 789/8/786 790/17/787 787/18/784
f 790/17/787 788/20/785 787/18/784
f 788/20/785 790/17/787 791/21/788
f 775/9/789 790/17/787 789/8/786
f 792/23/790 791/21/788 793/22/791
f 791/21/788 792/23/790 794/20/792
f 795/24/584 792/23/790 793/22/791
f 796/25/793 794/20/792 792/23/790
f 792/23/790 795/24/584 797/26/794
f 798/27/795 792/23/790 797/26/794
f 796/25/793 792/23/790 798/27/795
f 794/20/792 796/25/793 799/19/796
f 800/15/797 799/19/796 796/25/793
f 801/28/798 800/15/797 796/25/793
f 798/27/795 801/28/798 796/25/793
f 801/28/798 798/27/795 802/29/799
f 800/15/797 801/28/798 803/13/800
f 801/28/798 804/30/801 803/13/800
f 802/29/799 804/30/801 801/28/798
f 804/30/801 802/29/799 805/31/802
f 804/30/801 779/12/803 803/13/800
f 806/32/804 779/12/803 804/30/801
f 807/33/805 804/30/801 805/31/802
f 804/30/801 807/33/805 806/32/804
f 808/31/806 809/34/807 807/33/808
f 809/34/807 808/31/806 810/35/809
f 811/29/810 810/35/809 808/31/806
f 809/34/807 810/35/809 812/36/811
f 812/36/811 810/35/809 813/37/812
f 810/35/809 811/29/810 813/37/812
f 813/37/812 811/29/810 814/27/813
f 812/36/811 813/37/812 815/38/814
f 813/37/812 814/27/813 816/39/815
f 813/37/812 816/39/815 815/38/814
f 817/26/816 816/39/815 814/27/813
f 815/38/814 816/39/815 818/40/817
f 818/40/817 816/39/815 819/41/818
f 816/39/815 817/26/816 819/41/818
f 818/40/817 819/41/818 820/42/819
f 817/26/816 820/42/819 819/41/818
f 820/42/819 817/26/816 795/24/820
f 821/1/821 822/2/822 823/3/823
f 824/4/822 822/2/822 821/1/821
f 824/4/822 825/5/824 822/2/822
f 824/4/822 826/6/825 825/5/824
f 827/7/826 826/6/825 824/4/822
f 827/7/826 828/8/827 826/6/825
f 829/9/768 828/8/827 827/7/826
f 830/2/828 831/10/829 823/3/823
f 831/10/829 830/2/828 832/11/830
f 833/5/831 832/11/830 830/2/828
f 832/11/830 834/12/832 831/10/829
f 834/12/832 832/11/830 835/13/833
f 832/11/830 833/5/831 836/14/834
f 835/13/833 832/11/830 836/14/834
f 837/6/13 836/14/834 833/5/831
f 836/14/834 838/15/835 835/13/833
f 836/14/834 839/19/836 838/15/835
f 839/19/836 836/14/834 840/16/837
f 836/14/834 837/6/13 840/16/837
f 840/16/837 837/6/13 841/8/838
f 829/9/768 842/17/839 841/8/838
f 841/8/838 843/18/840 840/16/837
f 839/19/836 840/16/837 843/18/840
f 841/8/838 842/17/839 843/18/840
f 843/18/840 844/20/841 839/19/836
f 842/17/839 844/20/841 843/18/840
f 844/20/841 842/17/839 845/21/842
f 845/21/777 846/23/843 847/20/844
f 846/23/843 845/21/777 848/22/845
f 849/19/846 847/20/844 846/23/843
f 850/24/808 846/23/843 848/22/845
f 849/19/846 846/23/843 851/25/847
f 846/23/843 850/24/808 852/26/848
f 853/27/849 846/23/843 852/26/848
f 846/23/843 853/27/849 851/25/847
f 849/19/846 851/25/847 854/15/850
f 854/15/850 851/25/847 855/28/851
f 853/27/849 855/28/851 851/25/847
f 855/28/851 853/27/849 856/29/852
f 855/28/851 857/13/853 854/15/850
f 858/30/854 857/13/853 855/28/851
f 856/29/852 858/30/854 855/28/851
f 858/30/854 856/29/852 859/31/855
f 834/12/832 857/13/853 858/30/854
f 860/32/856 834/12/832 858/30/854
f 861/33/857 858/30/854 859/31/855
f 858/30/854 861/33/857 860/32/856
f 862/31/858 863/34/859 861/33/30
f 863/34/859 862/31/858 864/35/860
f 865/29/861 864/35/860 862/31/858
f 863/34/859 864/35/860 866/36/862
f 866/36/862 864/35/860 867/37/863
f 864/35/860 865/29/861 867/37/863
f 867/37/863 865/29/861 868/27/864
f 866/36/862 867/37/863 869/38/865
f 868/27/864 870/39/866 867/37/863
f 867/37/863 870/39/866 869/38/865
f 871/26/867 870/39/866 868/27/864
f 869/38/865 870/39/866 872/40/868
f 872/40/868 870/39/866 873/41/869
f 870/39/866 871/26/867 873/41/869
f 872/40/868 873/41/869 874/42/870
f 871/26/867 874/42/870 873/41/869
f 874/42/870 871/26/867 850/24/808
f 875/9/346 876/8/871 877/7/872
f 875/9/346 878/17/873 879/8/874
f 877/7/872 876/8/871 880/6/875
f 881/4/876 877/7/872 880/6/875
f 881/4/876 880/6/875 882/5/877
f 882/5/877 883/1/878 881/4/876
f 883/1/878 882/5/877 884/2/876
f 883/1/878 884/2/876 885/3/879
f 878/17/873 886/18/880 879/8/874
f 878/17/873 887/20/881 886/18/880
f 887/20/881 878/17/873 888/21/882
f 879/8/874 886/18/880 889/16/883
f 887/20/881 889/16/883 886/18/880
f 889/16/883 890/6/123 879/8/874
f 889/16/883 887/20/881 891/19/884
f 891/19/884 892/14/885 889/16/883
f 892/14/885 890/6/123 889/16/883
f 890/6/123 892/14/885 893/5/886
f 891/19/884 894/15/887 892/14/885
f 892/14/885 894/15/887 895/13/888
f 893/5/886 892/14/885 896/11/889
f 892/14/885 895/13/888 896/11/889
f 893/5/886 896/11/889 897/2/890
f 897/2/890 898/10/891 885/3/892
f 897/2/890 896/11/889 898/10/891
f 899/12/236 896/11/889 895/13/888
f 896/11/889 899/12/236 898/10/891
f 900/13/893 901/32/894 899/12/895
f 901/32/894 900/13/893 902/30/896
f 902/30/896 903/33/157 901/32/894
f 902/30/896 900/13/893 904/28/897
f 904/28/897 900/13/893 905/15/898
f 906/29/899 902/30/896 904/28/897
f 903/33/157 902/30/896 907/31/900
f 902/30/896 906/29/899 907/31/900
f 908/25/901 904/28/897 905/15/898
f 908/25/901 906/29/899 904/28/897
f 908/25/901 905/15/898 909/19/902
f 906/29/899 908/25/901 910/27/903
f 911/20/904 908/25/901 909/19/902
f 908/25/901 911/20/904 912/23/905
f 910/27/903 908/25/901 912/23/905
f 913/26/906 910/27/903 912/23/905
f 888/21/355 912/23/905 911/20/904
f 912/23/905 888/21/355 914/22/907
f 912/23/905 915/24/908 913/26/906
f 915/24/908 912/23/905 914/22/907
f 915/24/908 916/42/909 917/26/910
f 918/41/911 917/26/910 916/42/909
f 919/40/912 918/41/911 916/42/909
f 919/40/912 920/39/913 918/41/911
f 920/39/913 917/26/910 918/41/911
f 917/26/910 920/39/913 921/27/914
f 922/38/915 920/39/913 919/40/912
f 921/27/914 920/39/913 923/37/916
f 923/37/916 920/39/913 922/38/915
f 923/37/916 924/29/917 921/27/914
f 925/36/918 923/37/916 922/38/915
f 925/36/918 926/35/919 923/37/916
f 923/37/916 927/31/920 924/29/917
f 927/31/920 923/37/916 926/35/919
f 928/34/921 927/31/920 926/35/919
f 928/34/921 926/35/919 925/36/918
f 927/31/920 928/34/921 903/33/157
o Group_0_Sub_0__itm0000_02_material
v -0.023257 -0.027661 0.028107
v -0.008919 -0.006043 0.014740
v -0.011707 -0.006054 0.012647
v -0.020469 -0.027655 0.030194
v -0.017303 -0.028516 0.031361
v -0.005753 -0.006909 0.015900
v -0.014226 -0.030153 0.031368
v -0.002688 -0.008534 0.015915
v -0.000150 -0.010677 0.014820
v -0.011699 -0.032284 0.030280
v 0.001407 -0.012982 0.012761
v -0.010136 -0.034606 0.028202
v 0.001821 -0.015151 0.010039
v -0.009729 -0.036758 0.025499
v -0.010594 -0.038407 0.022551
v 0.000960 -0.016790 0.007109
v -0.012546 -0.039318 0.019818
v -0.000996 -0.017711 0.004357
v -0.015332 -0.039329 0.017725
v -0.003782 -0.017717 0.002272
v -0.006950 -0.016856 0.001104
v -0.018500 -0.038463 0.016564
v -0.010036 -0.015213 0.001099
v -0.021575 -0.036831 0.016551
v -0.024103 -0.034695 0.017645
v -0.012553 -0.013088 0.002184
v -0.025665 -0.032378 0.019717
v -0.014122 -0.010753 0.004275
v -0.026074 -0.030221 0.022426
v -0.014524 -0.008613 0.006966
v -0.013653 -0.006959 0.009925
v -0.025207 -0.028577 0.025368
v -0.011707 -0.006054 0.012647
v -0.023257 -0.027661 0.028107
v -0.018752 -0.035229 0.025309
v -0.022722 -0.034692 0.023095
v -0.021941 -0.035849 0.022061
v -0.022927 -0.033612 0.024451
v -0.022493 -0.032792 0.025920
v -0.021518 -0.032332 0.027292
v -0.020124 -0.032331 0.028333
v -0.025207 -0.028577 0.025368
v -0.022493 -0.032792 0.025920
v -0.023257 -0.027661 0.028107
v -0.020469 -0.027655 0.030194
v -0.020124 -0.032331 0.028333
v -0.018541 -0.032759 0.028919
v -0.017303 -0.028516 0.031361
v -0.026074 -0.030221 0.022426
v -0.022927 -0.033612 0.024451
v -0.014226 -0.030153 0.031368
v -0.022722 -0.034692 0.023095
v -0.025665 -0.032378 0.019717
v -0.021941 -0.035849 0.022061
v -0.024103 -0.034695 0.017645
v -0.020677 -0.036919 0.021512
v -0.021575 -0.036831 0.016551
v -0.018500 -0.038463 0.016564
v -0.019140 -0.037733 0.021520
v -0.015332 -0.039329 0.017725
v -0.017002 -0.033580 0.028920
v -0.015739 -0.034644 0.028379
v -0.011699 -0.032284 0.030280
v -0.020677 -0.036919 0.021512
v -0.017555 -0.038168 0.022099
v -0.017555 -0.038168 0.022099
v -0.016163 -0.038161 0.023147
v -0.012546 -0.039318 0.019818
v -0.014957 -0.035806 0.027338
v -0.010136 -0.034606 0.028202
v -0.017002 -0.033580 0.028920
v -0.014957 -0.035806 0.027338
v -0.015186 -0.037707 0.024512
v -0.014754 -0.036881 0.025988
v -0.015186 -0.037707 0.024512
v -0.010594 -0.038407 0.022551
v -0.009729 -0.036758 0.025499
vn -0.5051 0.6630 0.5525
vn -0.2909 0.6525 0.6997
vn -0.6955 0.6244 0.3557
vn 0.1897 0.4982 0.8461
vn -0.0631 0.6001 0.7975
vn 0.4119 0.3723 0.8317
vn 0.6070 0.2216 0.7631
vn 0.7702 0.0393 0.6366
vn 0.8708 -0.1267 0.4750
vn 0.9158 -0.2919 0.2761
vn 0.8966 -0.4404 0.0472
vn 0.8157 -0.5569 -0.1569
vn 0.4945 -0.6671 -0.5572
vn 0.6860 -0.6308 -0.3627
vn 0.2807 -0.6549 -0.7017
vn 0.0553 -0.6004 -0.7978
vn -0.1950 -0.4996 -0.8440
vn -0.4145 -0.3754 -0.8290
vn -0.7687 -0.0455 -0.6380
vn -0.6067 -0.2255 -0.7622
vn -0.8703 0.1176 -0.4783
vn -0.9008 0.4308 -0.0549
vn -0.9170 0.2821 -0.2821
vn -0.8228 0.5485 0.1489
vn -0.6955 0.6243 0.3556
vn -0.5052 0.6630 0.5525
vn -0.4017 -0.7483 0.5278
vn -0.4017 -0.7484 0.5278
vn -0.5567 -0.4626 0.6900
vn -0.4018 -0.7484 0.5278
vn -0.7386 -0.4007 0.5421
vn -0.7385 -0.4007 0.5422
vn -0.6764 -0.3697 0.6371
vn -0.4891 -0.3550 0.7967
vn -0.3289 -0.5717 0.7517
vn -0.3855 -0.3777 0.8419
vn -0.3289 -0.5716 0.7517
vn -0.7844 -0.5255 0.3295
vn -0.6038 -0.6194 0.5018
vn -0.1575 -0.4882 0.8584
vn -0.7598 -0.6031 0.2428
vn -0.6039 -0.7293 0.3215
vn -0.6338 -0.7668 0.1017
vn -0.5458 -0.8343 0.0779
vn -0.3291 -0.9403 0.0862
vn -0.4320 -0.8483 0.3063
vn -0.2181 -0.9658 0.1402
vn -0.1575 -0.4883 0.8584
vn -0.2353 -0.7216 0.6511
vn -0.0708 -0.5588 0.8263
vn -0.6038 -0.7293 0.3216
vn -0.4320 -0.8483 0.3064
vn -0.1952 -0.9372 0.2890
vn -0.0314 -0.9565 0.2901
vn -0.1953 -0.9372 0.2890
vn 0.0471 -0.7218 0.6905
vn 0.0471 -0.7219 0.6904
vn -0.2353 -0.7217 0.6510
vn -0.1250 -0.8431 0.5230
vn -0.1249 -0.8431 0.5230
vn 0.0236 -0.9193 0.3929
vn 0.0710 -0.7970 0.5998
vt 0.000000 0.176758
vt 0.062500 0.734375
vt 0.000000 0.734375
vt 0.062500 0.176758
vt 0.125000 0.176758
vt 0.125000 0.734375
vt 0.187500 0.176758
vt 0.187500 0.734375
vt 0.250000 0.734375
vt 0.250000 0.176758
vt 0.312500 0.734375
vt 0.312500 0.176758
vt 0.375000 0.734375
vt 0.375000 0.176758
vt 0.437500 0.176758
vt 0.437500 0.734375
vt 0.500000 0.176758
vt 0.500000 0.734375
vt 0.562500 0.176758
vt 0.562500 0.734375
vt 0.625000 0.734375
vt 0.625000 0.176758
vt 0.687500 0.734375
vt 0.687500 0.176758
vt 0.750000 0.176758
vt 0.750000 0.734375
vt 0.812500 0.176758
vt 0.812500 0.734375
vt 0.875000 0.176758
vt 0.875000 0.734375
vt 0.937500 0.734375
vt 0.937500 0.176758
vt 1.000000 0.734375
vt 1.000000 0.176758
vt 0.276611 0.898926
vt 0.351807 0.912598
vt 0.364258 0.898926
vt 0.339355 0.925781
vt 0.309082 0.931641
vt 0.279053 0.937012
vt 0.249023 0.931641
vt 0.339355 0.963867
vt 0.279053 0.975098
vt 0.218872 0.963867
vt 0.218872 0.925781
vt 0.158691 0.952637
vt 0.399414 0.952637
vt 0.133789 0.925781
vt 0.424316 0.925781
vt 0.449219 0.898926
vt 0.351807 0.885742
vt 0.424316 0.872070
vt 0.399414 0.845215
vt 0.339355 0.872070
vt 0.339355 0.833984
vt 0.206421 0.912598
vt 0.193970 0.898926
vt 0.108887 0.898926
vt 0.309082 0.866699
vt 0.279053 0.861328
vt 0.279053 0.823242
vt 0.206421 0.885742
vt 0.133789 0.872070
vt 0.249023 0.866699
vt 0.218872 0.872070
vt 0.218872 0.833984
vt 0.158691 0.845215
s 1
usemtl itm0000_02_material
f 929/89/922 930/90/923 931/91/924
f 930/90/923 929/89/922 932/92/923
f 933/93/925 930/90/923 932/92/923
f 930/90/923 933/93/925 934/94/926
f 935/95/927 934/94/926 933/93/925
f 934/94/926 935/95/927 936/96/927
f 935/95/927 937/97/928 936/96/927
f 937/97/928 935/95/927 938/98/929
f 938/98/929 939/99/930 937/97/928
f 939/99/930 938/98/929 940/100/930
f 939/99/930 940/100/930 941/101/931
f 941/101/931 940/100/930 942/102/932
f 943/103/933 941/101/931 942/102/932
f 941/101/931 943/103/933 944/104/933
f 945/105/934 944/104/933 943/103/933
f 944/104/933 945/105/934 946/106/935
f 947/107/936 946/106/935 945/105/934
f 946/106/935 947/107/936 948/108/936
f 948/108/936 947/107/936 949/109/937
f 950/110/938 949/109/937 947/107/936
f 950/110/938 951/111/939 949/109/937
f 951/111/939 950/110/938 952/112/939
f 953/113/940 951/111/939 952/112/939
f 951/111/939 953/113/940 954/114/941
f 954/114/941 953/113/940 955/115/942
f 954/114/941 955/115/942 956/116/942
f 957/117/943 956/116/942 955/115/942
f 956/116/942 957/117/943 958/118/944
f 957/117/943 959/119/945 958/118/944
f 959/119/945 957/117/943 960/120/945
f 959/119/945 960/120/945 961/121/946
f 961/121/946 960/120/945 962/122/947
f 963/123/948 964/124/949 965/125/949
f 964/124/949 963/123/948 966/126/948
f 963/123/948 967/127/949 966/126/948
f 963/123/948 968/128/950 967/127/949
f 963/123/948 969/129/951 968/128/950
f 968/128/950 970/130/952 971/127/953
f 970/130/952 968/128/950 972/131/954
f 968/128/950 973/132/955 972/131/954
f 973/132/955 968/128/950 974/129/955
f 963/123/948 975/133/956 969/129/951
f 973/132/955 974/129/955 976/134/957
f 976/134/957 974/129/955 975/133/958
f 977/135/959 971/127/953 970/130/952
f 971/127/953 977/135/959 978/126/960
f 975/133/958 979/136/961 976/134/957
f 977/135/959 980/124/962 978/126/960
f 980/124/962 977/135/959 981/137/962
f 981/137/962 982/125/963 980/124/962
f 982/125/963 981/137/962 983/138/964
f 983/138/964 984/139/965 982/125/963
f 984/139/965 983/138/964 985/140/965
f 984/139/965 985/140/965 986/141/966
f 986/141/966 987/142/967 984/139/965
f 988/143/968 987/142/967 986/141/966
f 979/136/961 975/133/958 989/144/969
f 990/145/970 979/136/961 989/144/969
f 979/136/961 990/145/970 991/146/971
f 992/139/951 963/123/948 982/125/972
f 963/123/948 992/139/951 987/142/973
f 993/147/948 963/123/948 987/142/973
f 987/142/967 988/143/968 994/147/968
f 988/143/968 995/148/974 994/147/968
f 995/148/974 988/143/968 996/149/975
f 963/123/948 993/147/948 995/148/976
f 991/146/971 990/145/970 997/150/977
f 997/150/977 998/151/978 991/146/971
f 999/144/949 963/123/948 990/145/979
f 963/123/948 1000/150/949 990/145/979
f 963/123/948 999/144/949 975/133/956
f 1001/152/948 963/123/948 995/148/976
f 963/123/948 1001/152/948 1002/153/980
f 1000/150/949 963/123/948 1002/153/980
f 1002/153/981 998/151/978 997/150/977
f 996/149/975 1003/152/982 995/148/974
f 1004/154/982 1003/152/982 996/149/975
f 1004/154/982 1002/153/981 1003/152/982
f 1002/153/981 1004/154/982 1005/155/983
f 998/151/978 1002/153/981 1005/155/983
o Group_0_Sub_2__itm0000_01_material
v 0.019413 0.012095 0.059782
v 0.027550 0.003801 0.056174
v 0.028789 0.004937 0.056810
v 0.018400 0.010788 0.059075
v 0.008954 0.018281 0.060547
v 0.018400 0.010788 0.059075
v -0.006431 -0.011990 0.008653
v 0.008193 0.016824 0.059822
v 0.035528 -0.003756 0.051658
v 0.028789 0.004937 0.056810
v 0.036964 -0.002807 0.052182
v -0.002519 0.021844 0.058830
v 0.008954 0.018281 0.060547
v -0.002022 0.023424 0.059531
v 0.041723 -0.011644 0.045306
v 0.035528 -0.003756 0.051658
v 0.043312 -0.010890 0.045673
v -0.013400 0.025441 0.055692
v -0.002519 0.021844 0.058830
v -0.013171 0.027110 0.056316
v -0.024045 0.027729 0.050961
v -0.013171 0.027110 0.056316
v -0.024079 0.029455 0.051468
v -0.006431 -0.011990 0.008653
v 0.046257 -0.019574 0.037708
v 0.043312 -0.010890 0.045673
v 0.047958 -0.019015 0.037888
v -0.034220 0.030082 0.044760
v -0.033942 0.028341 0.044415
v -0.024045 0.027729 0.050961
v -0.042900 0.027547 0.036665
v -0.034220 0.030082 0.044760
v -0.043399 0.029268 0.036819
v 0.048555 -0.027161 0.028871
v 0.050312 -0.026790 0.028833
v 0.046257 -0.019574 0.037708
v 0.048955 -0.034257 0.019349
v 0.050312 -0.026790 0.028833
v 0.050722 -0.034061 0.019076
v -0.050988 0.026743 0.027640
v -0.042900 0.027547 0.036665
v -0.050305 0.025082 0.027707
v -0.056213 0.021325 0.018119
v -0.057042 0.022893 0.017815
v -0.050988 0.026743 0.027640
v 0.047006 -0.040387 0.009371
v 0.048725 -0.040342 0.008852
v 0.048955 -0.034257 0.019349
v 0.043209 -0.045570 -0.000623
v 0.048725 -0.040342 0.008852
v 0.044835 -0.045654 -0.001390
v -0.060922 0.017601 0.007560
v -0.056213 0.021325 0.018119
v -0.060000 0.016161 0.008111
v 0.038791 -0.049484 -0.011228
v 0.043209 -0.045570 -0.000623
v 0.037311 -0.049308 -0.010224
v -0.061959 0.010012 -0.001853
v -0.062929 0.011301 -0.002650
v -0.060922 0.017601 0.007560
v 0.029895 -0.051792 -0.019169
v 0.031192 -0.052029 -0.020393
v 0.038791 -0.049484 -0.011228
v 0.029895 -0.051792 -0.019169
v 0.022024 -0.052823 -0.028348
v 0.020948 -0.052567 -0.026932
v 0.011040 -0.051974 -0.033465
v 0.022024 -0.052823 -0.028348
v 0.011872 -0.052215 -0.035042
v 0.000406 -0.049667 -0.038210
v 0.011040 -0.051974 -0.033465
v 0.000975 -0.049852 -0.039904
v -0.006431 -0.011990 0.008653
v -0.010485 -0.046089 -0.041334
v 0.000975 -0.049852 -0.039904
v -0.010185 -0.046185 -0.043105
v -0.010485 -0.046089 -0.041334
v -0.021151 -0.041022 -0.044135
v -0.021187 -0.041050 -0.042339
v -0.031404 -0.035033 -0.041579
v -0.040544 -0.028027 -0.038692
v -0.031404 -0.035033 -0.041579
v -0.031621 -0.034856 -0.043356
v -0.040985 -0.027678 -0.040398
v -0.021151 -0.041022 -0.044135
v -0.048532 -0.020489 -0.034161
v -0.049171 -0.019953 -0.035756
v -0.040985 -0.027678 -0.040398
v -0.055508 -0.011851 -0.029261
v -0.048532 -0.020489 -0.034161
v -0.054717 -0.012582 -0.027824
v -0.059262 -0.004671 -0.020212
v -0.060165 -0.003745 -0.021462
v -0.055508 -0.011851 -0.029261
v -0.061549 0.002935 -0.011388
v -0.059262 -0.004671 -0.020212
v -0.061959 0.010012 -0.001853
v -0.062509 0.004049 -0.012421
v -0.062509 0.004049 -0.012421
vn -0.4001 -0.7453 0.5334
vn -0.3840 -0.7368 0.5565
vn -0.0548 -0.4465 0.8931
vn -0.1573 -0.3776 0.9125
vn -0.3930 -0.7309 0.5581
vn -0.4001 -0.7452 0.5335
vn -0.4000 -0.7450 0.5338
vn -0.3929 -0.7309 0.5581
vn 0.0079 -0.5029 0.8643
vn -0.3930 -0.7309 0.5580
vn -0.2437 -0.3302 0.9119
vn -0.3768 -0.7457 0.5495
vn -0.4001 -0.7452 0.5334
vn 0.0786 -0.5817 0.8096
vn -0.4061 -0.7263 0.5545
vn -0.3996 -0.7286 0.5563
vn -0.3548 -0.2838 0.8908
vn -0.4084 -0.7226 0.5577
vn -0.4412 -0.2600 0.8589
vn -0.3767 -0.7457 0.5495
vn 0.1258 -0.6527 0.7471
vn -0.4000 -0.7452 0.5335
vn -0.5478 -0.2504 0.7982
vn -0.4168 -0.7234 0.5505
vn -0.6274 -0.2509 0.7372
vn -0.4066 -0.7429 0.5317
vn -0.3694 -0.7546 0.5424
vn 0.1576 -0.7328 0.6619
vn 0.1723 -0.7908 0.5873
vn -0.7083 -0.2676 0.6532
vn -0.4251 -0.7241 0.5431
vn -0.4066 -0.7429 0.5318
vn -0.4227 -0.7278 0.5400
vn -0.4017 -0.7484 0.5278
vn -0.7643 -0.2916 0.5752
vn -0.3688 -0.7611 0.5336
vn 0.1652 -0.8573 0.4876
vn -0.3703 -0.7643 0.5279
vn 0.1412 -0.9020 0.4079
vn -0.8155 -0.3372 0.4705
vn -0.4308 -0.7285 0.5326
vn -0.4326 -0.7315 0.5270
vn 0.0862 -0.9482 0.3056
vn -0.3764 -0.7685 0.5175
vn -0.4018 -0.7484 0.5278
vn -0.8368 -0.3832 0.3911
vn 0.0392 -0.9730 0.2276
vn -0.3846 -0.7693 0.5102
vn -0.0392 -0.9892 0.1413
vn -0.1169 -0.9901 0.0780
vn -0.3928 -0.7700 0.5028
vn -0.2259 -0.9739 0.0234
vn -0.3994 -0.7676 0.5012
vn -0.3115 -0.9502 -0.0000
vn -0.4017 -0.7483 0.5278
vn -0.4085 -0.7619 0.5026
vn -0.4219 -0.9063 -0.0234
vn -0.4018 -0.7483 0.5278
vn -0.4084 -0.7619 0.5027
vn -0.4174 -0.7561 0.5040
vn -0.4175 -0.7561 0.5040
vn -0.6112 -0.7914 -0.0078
vn -0.5086 -0.8607 -0.0238
vn -0.4239 -0.7536 0.5024
vn -0.6792 -0.7338 0.0156
vn -0.7507 -0.6569 0.0704
vn -0.4248 -0.7472 0.5112
vn -0.4247 -0.7472 0.5112
vn -0.4312 -0.7447 0.5095
vn -0.7948 -0.5922 0.1325
vn -0.4319 -0.7381 0.5183
vn -0.4320 -0.7381 0.5183
vn -0.8317 -0.5100 0.2197
vn -0.8434 -0.4530 0.2889
vt 0.958496 0.690430
vt 0.974121 0.594727
vt 0.985840 0.597168
vt 0.947266 0.685547
vt 0.911621 0.775391
vt 0.500000 0.500000
vt 0.901855 0.769043
vt 0.984375 0.500000
vt 0.996094 0.500000
vt 0.842285 0.842773
vt 0.850586 0.851562
vt 0.974121 0.406250
vt 0.985840 0.403809
vt 0.768066 0.902344
vt 0.774902 0.912109
vt 0.685059 0.947754
vt 0.689453 0.958984
vt 0.947266 0.314941
vt 0.958496 0.310547
vt 0.596191 0.985840
vt 0.593750 0.974121
vt 0.499756 0.984375
vt 0.499756 0.996582
vt 0.901855 0.231934
vt 0.912109 0.225098
vt 0.842773 0.157715
vt 0.851074 0.149414
vt 0.402832 0.985840
vt 0.405273 0.974121
vt 0.314209 0.947754
vt 0.309570 0.958496
vt 0.768555 0.098145
vt 0.775391 0.088379
vt 0.685547 0.052734
vt 0.689941 0.041504
vt 0.224487 0.911621
vt 0.231079 0.901855
vt 0.596680 0.014160
vt 0.594238 0.025879
vt 0.157227 0.842773
vt 0.148682 0.851074
vt 0.500000 0.015625
vt 0.500000 0.003906
vt 0.403564 0.014160
vt 0.405762 0.025879
vt 0.314697 0.052734
vt 0.310059 0.041504
vt 0.231567 0.098145
vt 0.224976 0.087891
vt 0.157471 0.157715
vt 0.149048 0.148926
vt 0.088196 0.224609
vt 0.098083 0.231445
vt 0.052429 0.314453
vt 0.025818 0.405762
vt 0.041382 0.310059
vt 0.014114 0.403320
vt 0.015465 0.500000
vt 0.003508 0.500000
vt 0.014000 0.596680
vt 0.025696 0.594238
vt 0.052246 0.685547
vt 0.041199 0.689941
vt 0.097778 0.768555
vt 0.087830 0.774902
s 1
usemtl itm0000_01_material_(english)
f 1006/156/984 1007/157/985 1008/158/986
f 1007/157/985 1006/156/984 1009/159/985
f 1010/160/987 1011/159/988 1006/156/984
f 1012/161/989 1007/157/985 1009/159/985
f 1012/161/990 1011/159/988 1013/162/991
f 1011/159/988 1010/160/987 1013/162/991
f 1012/161/989 1014/163/985 1007/157/985
f 1014/163/985 1015/158/992 1007/157/985
f 1015/158/992 1014/163/985 1016/164/984
f 1012/161/990 1013/162/991 1017/165/993
f 1018/160/994 1017/165/993 1013/162/991
f 1017/165/993 1018/160/994 1019/166/984
f 1020/167/995 1016/164/996 1021/163/995
f 1016/164/996 1020/167/995 1022/168/997
f 1012/161/984 1020/167/995 1021/163/995
f 1023/169/998 1024/165/999 1019/166/984
f 1019/166/984 1025/170/1000 1023/169/998
f 1012/161/996 1024/165/999 1023/169/998
f 1012/161/996 1023/169/998 1026/171/1001
f 1027/170/1002 1026/171/1001 1023/169/998
f 1027/170/1002 1028/172/996 1026/171/1001
f 1029/161/996 1030/173/1003 1020/167/1003
f 1030/173/1003 1031/168/1004 1020/167/1003
f 1031/168/1004 1030/173/1003 1032/174/984
f 1028/172/1005 1033/175/1006 1034/176/1007
f 1028/172/1005 1034/176/1007 1035/171/1007
f 1012/161/996 1035/171/1007 1034/176/1007
f 1012/161/996 1034/176/1007 1036/177/1007
f 1037/175/1008 1036/177/1007 1034/176/1007
f 1037/175/1008 1038/178/1009 1036/177/1007
f 1032/174/984 1039/179/1010 1040/180/1011
f 1039/179/1010 1032/174/984 1041/173/1010
f 1029/161/989 1039/179/1010 1041/173/1010
f 1029/161/989 1042/181/1010 1039/179/1010
f 1042/181/1010 1043/180/1012 1039/179/1010
f 1043/180/1012 1042/181/1010 1044/182/996
f 1045/183/1013 1046/177/1014 1038/178/1015
f 1012/161/1005 1046/177/1014 1047/184/1016
f 1046/177/1014 1045/183/1013 1047/184/1016
f 1012/161/1005 1047/184/1016 1048/185/1016
f 1047/184/1016 1049/186/1017 1048/185/1016
f 1049/186/1017 1047/184/1016 1050/183/1018
f 1044/182/996 1051/187/1019 1052/188/1020
f 1051/187/1019 1044/182/996 1053/181/1019
f 1029/161/996 1051/187/1019 1053/181/1019
f 1029/161/996 1054/189/1021 1051/187/1019
f 1054/189/1021 1055/188/1022 1051/187/1019
f 1055/188/1022 1054/189/1021 1056/190/996
f 1057/191/1023 1058/185/1024 1049/186/1017
f 1058/185/1024 1057/191/1023 1059/192/1025
f 1012/161/996 1058/185/1024 1059/192/1025
f 1060/193/1026 1056/190/996 1061/189/1027
f 1029/161/996 1062/194/1027 1061/189/1027
f 1060/193/1026 1061/189/1027 1062/194/1027
f 1012/161/996 1059/192/1025 1063/195/1025
f 1059/192/1025 1064/196/1028 1063/195/1025
f 1064/196/1028 1059/192/1025 1065/191/1029
f 1029/161/996 1066/197/1027 1062/194/1027
f 1062/194/1027 1066/197/1027 1067/198/989
f 1067/198/989 1068/193/1030 1062/194/1027
f 1069/197/1031 1070/199/1032 1067/198/996
f 1070/199/1032 1069/197/1031 1071/200/1031
f 1029/161/989 1071/200/1031 1069/197/1031
f 1029/161/989 1072/201/1031 1071/200/1031
f 1072/201/1031 1073/199/1033 1071/200/1031
f 1073/199/1033 1072/201/1031 1074/202/996
f 1029/161/996 1075/203/1034 1076/201/1034
f 1075/203/1034 1074/202/996 1076/201/1034
f 1074/202/996 1075/203/1034 1077/204/1035
f 1078/161/1017 1079/205/1036 1075/203/1034
f 1079/205/1036 1080/204/1037 1075/203/1034
f 1080/204/1037 1079/205/1036 1081/206/1038
f 1082/205/1039 1083/207/1040 1081/206/1041
f 1078/161/1028 1084/208/1039 1082/205/1039
f 1083/207/1040 1082/205/1039 1084/208/1039
f 1078/161/1028 1085/209/1042 1084/208/1039
f 1078/161/1028 1086/210/1043 1087/209/1044
f 1084/208/1039 1085/209/1042 1088/211/1041
f 1089/212/1045 1088/211/1017 1087/209/1044
f 1087/209/1044 1086/210/1043 1089/212/1045
f 1084/208/1039 1088/211/1041 1090/207/1046
f 1012/161/989 1091/213/1047 1086/210/1044
f 1092/214/1038 1086/210/1044 1091/213/1047
f 1086/210/1044 1092/214/1038 1093/212/1048
f 1094/215/1049 1092/214/1041 1095/213/1050
f 1012/161/996 1096/216/1051 1095/213/1050
f 1095/213/1050 1096/216/1051 1094/215/1049
f 1012/161/996 1097/217/1052 1096/216/1051
f 1098/218/1041 1096/216/1051 1097/217/1052
f 1096/216/1051 1098/218/1041 1099/215/1053
f 1012/161/996 1100/219/1054 1101/217/1055
f 1012/161/996 1102/195/1054 1100/219/1054
f 1103/220/1056 1098/218/1017 1101/217/1055
f 1101/217/1055 1100/219/1054 1103/220/1056
f 1064/196/1017 1100/219/1054 1102/195/1054
f 1100/219/1054 1064/196/1017 1104/220/1057
